operation,prefix,calls,bytes,sum_request_seconds
DELETE,candidates,203,0,0.953
DELETE,catalog,1733,0,7.909
DELETE,data,88,0,0.462
DELETE,index,117,0,0.614
DELETE,jobs,135,0,0.646
DELETE,roots,120,0,0.629
DELETE,trash,215,0,0.901
PUT,candidates,205,323089,0.971
PUT,catalog,1781,11959201,9.547
PUT,data,114,15285136,1.081
PUT,index,149,17128468,1.291
PUT,jobs,135,5719606,0.821
PUT,manifest,281,410009,2.027
PUT,roots,135,18973989,1.338
PUT,trash,215,140811,1.066
RANGE,catalog,74,2484317,0.146
RANGE,data,571,28537166,1.699
RANGE,index,2533,50525946,4.531
RANGE,jobs,135,5719606,0.272
RANGE,trash,224,148366,0.291
