backend,kind,metrics,positions,span_s,n,mean_ms,ci95_ms,median_ms,p95_ms,mean_range_gets,mean_range_bytes,mean_data_range_gets,mean_index_range_gets
file,aggregate,1,0,0.1,20,41.975,3.949,43.822,45.568,0.0,0,0.00,0.00
s3,aggregate,1,0,0.1,20,13.362,1.053,13.027,16.749,3.0,33972,1.00,2.05
file,timeline,1,100,0.1,20,45.396,0.947,44.499,48.350,0.0,0,0.00,0.00
s3,timeline,1,100,0.1,20,12.221,0.959,12.234,15.338,2.4,32135,1.00,1.40
file,timeline,1,1000,0.1,20,44.451,0.454,44.349,46.294,0.0,0,0.00,0.00
s3,timeline,1,1000,0.1,20,11.120,0.728,10.565,13.968,2.2,31348,1.00,1.20
file,aggregate,6,0,0.1,20,43.385,4.104,44.707,47.798,0.0,0,0.00,0.00
s3,aggregate,6,0,0.1,20,13.573,1.566,13.325,18.803,12.0,182703,6.00,6.00
file,timeline,6,100,0.1,20,46.495,0.845,46.726,48.494,0.0,0,0.00,0.00
s3,timeline,6,100,0.1,20,13.113,0.969,13.496,16.079,10.8,178032,6.00,4.75
file,timeline,6,1000,0.1,20,45.249,0.692,44.826,47.945,0.0,0,0.00,0.00
s3,timeline,6,1000,0.1,20,12.150,1.163,13.041,16.387,10.4,171917,5.90,4.50
file,aggregate,1,0,0.145634848,20,44.441,0.765,43.963,47.459,0.0,0,0.00,0.00
s3,aggregate,1,0,0.145634848,20,10.321,0.748,10.482,12.512,1.8,29526,1.00,0.80
file,timeline,1,100,0.145634848,20,44.716,0.698,44.064,47.824,0.0,0,0.00,0.00
s3,timeline,1,100,0.145634848,20,10.867,0.599,11.553,12.273,1.9,30181,1.00,0.85
file,timeline,1,1000,0.145634848,20,44.418,0.636,44.150,47.865,0.0,0,0.00,0.00
s3,timeline,1,1000,0.145634848,20,10.745,0.900,11.202,13.890,1.8,29736,1.00,0.80
file,aggregate,6,0,0.145634848,20,46.213,1.252,44.547,51.690,0.0,0,0.00,0.00
s3,aggregate,6,0,0.145634848,20,12.978,0.847,13.622,15.032,10.9,177855,5.95,4.95
file,timeline,6,100,0.145634848,20,46.029,0.761,46.315,48.252,0.0,0,0.00,0.00
s3,timeline,6,100,0.145634848,20,12.997,0.820,13.206,16.166,10.6,176106,6.00,4.60
file,timeline,6,1000,0.145634848,20,47.011,1.156,46.751,51.693,0.0,0,0.00,0.00
s3,timeline,6,1000,0.145634848,20,11.936,1.020,12.881,15.467,10.1,171768,6.00,4.10
file,aggregate,1,0,0.212095089,20,45.601,0.939,45.552,49.177,0.0,0,0.00,0.00
s3,aggregate,1,0,0.212095089,20,9.566,0.867,10.310,11.909,1.7,29141,1.00,0.70
file,timeline,1,100,0.212095089,20,44.850,0.646,44.169,48.150,0.0,0,0.00,0.00
s3,timeline,1,100,0.212095089,20,9.331,1.168,9.780,12.723,1.6,27736,0.95,0.65
file,timeline,1,1000,0.212095089,20,44.345,0.594,43.877,46.181,0.0,0,0.00,0.00
s3,timeline,1,1000,0.212095089,20,9.050,0.901,9.139,11.842,1.6,28530,1.00,0.60
file,aggregate,6,0,0.212095089,20,46.635,0.919,47.214,49.110,0.0,0,0.00,0.00
s3,aggregate,6,0,0.212095089,20,12.742,0.964,13.045,15.347,10.4,177040,6.00,4.45
file,timeline,6,100,0.212095089,20,24.198,9.348,43.526,48.346,0.0,0,0.00,0.00
s3,timeline,6,100,0.212095089,20,10.562,1.034,10.479,13.494,9.0,170925,6.00,3.00
file,timeline,6,1000,0.212095089,20,18.295,9.153,3.332,47.808,0.0,0,0.00,0.00
s3,timeline,6,1000,0.212095089,20,9.435,0.788,9.473,12.203,8.6,168950,6.00,2.55
file,aggregate,1,0,0.30888436,20,44.405,0.572,44.366,46.173,0.0,0,0.00,0.00
s3,aggregate,1,0,0.30888436,20,9.257,0.875,9.743,11.639,1.6,28885,1.00,0.55
file,timeline,1,100,0.30888436,20,44.964,0.660,44.477,47.947,0.0,0,0.00,0.00
s3,timeline,1,100,0.30888436,20,9.428,0.832,9.909,11.801,1.6,28960,1.00,0.65
file,timeline,1,1000,0.30888436,20,44.580,0.729,43.923,47.911,0.0,0,0.00,0.00
s3,timeline,1,1000,0.30888436,20,9.004,0.988,8.920,11.716,1.6,28918,1.00,0.55
file,aggregate,6,0,0.30888436,20,20.116,9.062,3.819,47.870,0.0,0,0.00,0.00
s3,aggregate,6,0,0.30888436,20,10.472,1.020,10.485,14.189,10.1,168799,5.75,4.35
file,timeline,6,100,0.30888436,20,20.054,9.190,3.500,46.444,0.0,0,0.00,0.00
s3,timeline,6,100,0.30888436,20,9.729,1.121,9.553,12.842,8.8,170085,6.00,2.85
file,timeline,6,1000,0.30888436,20,27.206,9.559,44.140,49.036,0.0,0,0.00,0.00
s3,timeline,6,1000,0.30888436,20,10.821,1.140,11.695,14.273,9.4,172477,6.00,3.40
file,aggregate,1,0,0.449843267,20,44.729,0.809,44.069,47.759,0.0,0,0.00,0.00
s3,aggregate,1,0,0.449843267,20,8.404,0.867,7.433,12.232,1.3,27152,1.00,0.30
file,timeline,1,100,0.449843267,20,44.300,0.859,43.748,47.903,0.0,0,0.00,0.00
s3,timeline,1,100,0.449843267,20,9.279,0.774,9.748,11.458,1.6,29002,1.00,0.65
file,timeline,1,1000,0.449843267,20,44.750,0.624,44.274,47.901,0.0,0,0.00,0.00
s3,timeline,1,1000,0.449843267,20,8.813,0.839,9.509,11.736,1.5,28359,1.00,0.50
file,aggregate,6,0,0.449843267,20,26.655,9.344,43.524,48.399,0.0,0,0.00,0.00
s3,aggregate,6,0,0.449843267,20,10.356,1.021,11.282,13.519,8.9,170253,6.00,2.90
file,timeline,6,100,0.449843267,20,24.316,9.136,43.389,47.110,0.0,0,0.00,0.00
s3,timeline,6,100,0.449843267,20,11.075,0.723,11.610,12.951,9.3,172337,6.00,3.35
file,timeline,6,1000,0.449843267,20,27.344,9.273,44.175,48.561,0.0,0,0.00,0.00
s3,timeline,6,1000,0.449843267,20,10.041,0.807,9.756,13.365,8.2,167784,6.00,2.20
file,aggregate,1,0,0.655128557,20,44.891,0.810,44.282,48.844,0.0,0,0.00,0.00
s3,aggregate,1,0,0.655128557,20,9.661,1.391,9.069,15.729,2.5,40330,1.35,1.20
file,timeline,1,100,0.655128557,20,44.874,0.732,44.495,48.128,0.0,0,0.00,0.00
s3,timeline,1,100,0.655128557,20,8.293,1.044,8.921,11.036,1.4,27279,0.95,0.40
file,timeline,1,1000,0.655128557,20,44.623,0.402,44.357,45.975,0.0,0,0.00,0.00
s3,timeline,1,1000,0.655128557,20,7.771,0.584,7.289,10.059,1.2,27126,1.00,0.20
file,aggregate,6,0,0.655128557,20,31.275,8.932,44.389,50.324,0.0,0,0.00,0.00
s3,aggregate,6,0,0.655128557,20,10.510,1.326,10.102,14.364,8.1,173129,6.30,1.75
file,timeline,6,100,0.655128557,20,24.414,9.085,43.607,46.906,0.0,0,0.00,0.00
s3,timeline,6,100,0.655128557,20,10.161,0.841,9.441,13.332,8.9,170467,6.00,2.90
file,timeline,6,1000,0.655128557,20,24.734,9.283,43.606,47.709,0.0,0,0.00,0.00
s3,timeline,6,1000,0.655128557,20,10.482,0.942,10.007,13.412,8.0,165997,6.05,1.95
file,aggregate,1,0,0.954095476,20,44.492,0.828,44.137,47.251,0.0,0,0.00,0.00
s3,aggregate,1,0,0.954095476,20,11.660,1.032,12.105,14.723,3.7,60862,2.00,1.70
file,timeline,1,100,0.954095476,20,44.606,0.585,43.949,46.233,0.0,0,0.00,0.00
s3,timeline,1,100,0.954095476,20,8.559,0.753,8.334,11.343,1.3,27648,1.00,0.30
file,timeline,1,1000,0.954095476,20,44.569,0.641,44.187,46.097,0.0,0,0.00,0.00
s3,timeline,1,1000,0.954095476,20,7.825,0.541,7.238,9.735,1.1,27144,1.00,0.15
file,aggregate,6,0,0.954095476,20,35.338,8.199,44.284,49.965,0.0,0,0.00,0.00
s3,aggregate,6,0,0.954095476,20,14.835,1.257,14.696,20.202,17.9,337910,11.70,6.20
file,timeline,6,100,0.954095476,20,26.752,9.570,43.292,49.141,0.0,0,0.00,0.00
s3,timeline,6,100,0.954095476,20,8.218,1.013,8.050,11.474,6.7,154264,6.00,0.65
file,timeline,6,1000,0.954095476,20,28.772,9.141,43.563,49.113,0.0,0,0.00,0.00
s3,timeline,6,1000,0.954095476,20,8.645,0.533,8.985,9.942,7.0,162760,6.00,1.05
file,aggregate,1,0,1.38949549,20,44.980,0.911,44.281,48.182,0.0,0,0.00,0.00
s3,aggregate,1,0,1.38949549,20,10.789,0.865,11.447,12.832,3.0,58370,2.00,1.05
file,timeline,1,100,1.38949549,20,44.616,0.596,44.212,46.738,0.0,0,0.00,0.00
s3,timeline,1,100,1.38949549,20,8.149,0.656,7.206,10.163,1.4,28229,1.00,0.40
file,timeline,1,1000,1.38949549,20,44.260,0.424,44.078,45.860,0.0,0,0.00,0.00
s3,timeline,1,1000,1.38949549,20,8.129,0.803,7.612,11.126,1.4,28164,1.00,0.40
file,aggregate,6,0,1.38949549,20,39.305,6.665,44.712,48.464,0.0,0,0.00,0.00
s3,aggregate,6,0,1.38949549,20,15.285,0.957,15.635,19.246,19.2,349651,12.00,7.20
file,timeline,6,100,1.38949549,20,32.443,8.491,43.629,47.993,0.0,0,0.00,0.00
s3,timeline,6,100,1.38949549,20,9.570,1.091,9.596,11.391,7.2,163157,6.00,1.15
file,timeline,6,1000,1.38949549,20,22.641,9.424,5.794,47.974,0.0,0,0.00,0.00
s3,timeline,6,1000,1.38949549,20,10.169,1.025,10.094,13.504,8.0,166295,6.00,1.95
file,aggregate,1,0,2.02358965,20,44.783,0.772,44.525,48.441,0.0,0,0.00,0.00
s3,aggregate,1,0,2.02358965,20,10.700,0.622,11.315,12.281,3.0,57919,2.00,1.05
file,timeline,1,100,2.02358965,20,44.313,0.437,44.354,45.723,0.0,0,0.00,0.00
s3,timeline,1,100,2.02358965,20,8.296,0.814,7.263,11.666,1.3,27485,1.00,0.30
file,timeline,1,1000,2.02358965,20,44.836,0.757,44.189,47.989,0.0,0,0.00,0.00
s3,timeline,1,1000,2.02358965,20,8.124,1.057,7.251,11.182,1.1,27001,1.00,0.15
file,aggregate,6,0,2.02358965,20,35.407,8.168,45.936,47.887,0.0,0,0.00,0.00
s3,aggregate,6,0,2.02358965,20,16.864,2.408,15.883,24.050,18.2,348626,12.00,6.20
file,timeline,6,100,2.02358965,20,22.149,9.451,3.827,46.936,0.0,0,0.00,0.00
s3,timeline,6,100,2.02358965,20,8.755,0.747,8.693,11.248,6.9,163230,6.00,0.90
file,timeline,6,1000,2.02358965,20,26.254,9.260,43.560,47.355,0.0,0,0.00,0.00
s3,timeline,6,1000,2.02358965,20,8.731,0.911,8.881,10.875,6.7,161542,6.00,0.65
file,aggregate,1,0,2.9470517,20,44.471,0.863,44.077,48.347,0.0,0,0.00,0.00
s3,aggregate,1,0,2.9470517,20,10.497,0.747,10.489,12.975,2.9,57707,2.00,0.90
file,timeline,1,100,2.9470517,20,45.128,0.764,44.198,48.252,0.0,0,0.00,0.00
s3,timeline,1,100,2.9470517,20,7.229,0.756,7.273,9.098,1.1,25293,0.95,0.10
file,timeline,1,1000,2.9470517,20,44.909,0.672,44.570,47.719,0.0,0,0.00,0.00
s3,timeline,1,1000,2.9470517,20,7.064,0.573,7.066,9.714,1.1,26615,1.00,0.05
file,aggregate,6,0,2.9470517,20,41.435,5.600,44.433,49.572,0.0,0,0.00,0.00
s3,aggregate,6,0,2.9470517,20,14.349,0.914,14.314,17.627,17.6,344533,12.10,5.50
file,timeline,6,100,2.9470517,20,24.805,9.444,43.059,47.836,0.0,0,0.00,0.00
s3,timeline,6,100,2.9470517,20,12.402,6.002,9.406,13.280,6.4,159822,6.00,0.40
file,timeline,6,1000,2.9470517,20,28.931,9.122,44.399,48.265,0.0,0,0.00,0.00
s3,timeline,6,1000,2.9470517,20,9.263,0.891,9.218,11.435,6.5,160536,6.00,0.55
file,aggregate,1,0,4.29193426,20,45.544,0.779,45.028,48.353,0.0,0,0.00,0.00
s3,aggregate,1,0,4.29193426,20,10.604,0.702,11.447,12.094,2.8,56897,2.00,0.75
file,timeline,1,100,4.29193426,20,44.695,0.866,44.167,48.956,0.0,0,0.00,0.00
s3,timeline,1,100,4.29193426,20,7.508,0.556,7.073,8.905,1.1,27059,1.00,0.10
file,timeline,1,1000,4.29193426,20,44.114,0.566,44.169,45.357,0.0,0,0.00,0.00
s3,timeline,1,1000,4.29193426,20,7.851,0.726,7.236,11.414,1.1,27286,1.00,0.15
file,aggregate,6,0,4.29193426,20,35.127,7.990,44.679,48.195,0.0,0,0.00,0.00
s3,aggregate,6,0,4.29193426,20,14.656,0.969,15.031,18.122,16.6,342759,12.00,4.65
file,timeline,6,100,4.29193426,20,13.400,8.310,2.712,47.472,0.0,0,0.00,0.00
s3,timeline,6,100,4.29193426,20,8.197,0.703,8.428,10.447,6.2,159097,6.00,0.25
file,timeline,6,1000,4.29193426,20,15.653,8.391,3.268,45.182,0.0,0,0.00,0.00
s3,timeline,6,1000,4.29193426,20,9.046,0.819,8.525,12.489,6.3,159561,6.00,0.30
file,aggregate,1,0,6.25055192,20,45.023,0.814,44.218,49.087,0.0,0,0.00,0.00
s3,aggregate,1,0,6.25055192,20,10.238,0.974,11.447,12.618,3.0,60752,2.10,0.95
file,timeline,1,100,6.25055192,20,45.725,0.839,45.608,48.997,0.0,0,0.00,0.00
s3,timeline,1,100,6.25055192,20,7.856,0.594,7.362,10.968,1.1,28013,1.00,0.15
file,timeline,1,1000,6.25055192,20,44.815,0.813,44.302,47.922,0.0,0,0.00,0.00
s3,timeline,1,1000,6.25055192,20,7.565,0.816,7.221,11.468,1.2,27285,1.00,0.20
file,aggregate,6,0,6.25055192,20,35.541,8.220,45.038,50.446,0.0,0,0.00,0.00
s3,aggregate,6,0,6.25055192,20,17.027,1.686,16.513,24.182,21.7,414601,13.80,7.90
file,timeline,6,100,6.25055192,20,18.221,8.971,3.881,47.819,0.0,0,0.00,0.00
s3,timeline,6,100,6.25055192,20,8.781,0.598,8.949,10.593,6.3,154228,5.90,0.45
file,timeline,6,1000,6.25055192,20,17.904,8.944,3.466,47.008,0.0,0,0.00,0.00
s3,timeline,6,1000,6.25055192,20,8.470,0.930,7.772,12.781,6.8,162587,6.00,0.85
file,aggregate,1,0,9.10298178,20,43.972,0.600,43.835,44.843,0.0,0,0.00,0.00
s3,aggregate,1,0,9.10298178,20,11.214,0.661,11.638,12.669,4.3,86128,2.75,1.55
file,timeline,1,100,9.10298178,20,44.934,0.570,44.780,45.963,0.0,0,0.00,0.00
s3,timeline,1,100,9.10298178,20,7.415,0.486,7.106,9.007,1.1,26725,1.00,0.05
file,timeline,1,1000,9.10298178,20,44.697,0.739,44.223,48.246,0.0,0,0.00,0.00
s3,timeline,1,1000,9.10298178,20,7.697,0.617,7.277,10.183,1.1,27737,1.00,0.15
file,aggregate,6,0,9.10298178,20,31.046,9.382,44.874,50.130,0.0,0,0.00,0.00
s3,aggregate,6,0,9.10298178,20,17.160,1.247,17.333,21.288,25.4,542097,17.45,8.00
file,timeline,6,100,9.10298178,20,24.104,9.242,43.529,47.729,0.0,0,0.00,0.00
s3,timeline,6,100,9.10298178,20,8.840,0.639,9.263,10.864,6.7,155325,5.80,0.85
file,timeline,6,1000,9.10298178,20,22.978,9.546,4.200,48.457,0.0,0,0.00,0.00
s3,timeline,6,1000,9.10298178,20,8.994,0.625,8.757,11.227,6.8,160741,6.00,0.75
file,aggregate,1,0,13.2571137,20,44.305,0.615,44.285,47.807,0.0,0,0.00,0.00
s3,aggregate,1,0,13.2571137,20,11.074,0.930,11.750,12.529,4.2,93811,3.05,1.15
file,timeline,1,100,13.2571137,20,2.315,0.247,2.407,3.119,0.0,0,0.00,0.00
s3,timeline,1,100,13.2571137,20,6.134,0.743,5.972,8.852,1.1,26250,1.00,0.10
file,timeline,1,1000,13.2571137,20,2.205,0.151,2.293,2.629,0.0,0,0.00,0.00
s3,timeline,1,1000,13.2571137,20,5.878,0.461,5.987,7.521,1.0,26430,1.00,0.00
file,aggregate,6,0,13.2571137,20,30.411,8.863,44.321,47.840,0.0,0,0.00,0.00
s3,aggregate,6,0,13.2571137,20,20.214,4.595,18.413,31.558,22.9,558214,18.25,4.70
file,timeline,6,100,13.2571137,20,2.010,0.287,1.904,3.500,0.0,0,0.00,0.00
s3,timeline,6,100,13.2571137,20,7.189,0.722,7.185,9.720,6.7,162944,6.00,0.65
file,timeline,6,1000,13.2571137,20,1.932,0.100,1.939,2.318,0.0,0,0.00,0.00
s3,timeline,6,1000,13.2571137,20,6.405,0.451,6.185,8.048,6.3,161869,6.00,0.30
file,aggregate,1,0,19.3069773,20,44.632,0.564,44.398,48.178,0.0,0,0.00,0.00
s3,aggregate,1,0,19.3069773,20,10.578,0.699,11.495,12.214,4.0,93154,3.00,0.95
file,timeline,1,100,19.3069773,20,2.570,0.264,2.772,3.302,0.0,0,0.00,0.00
s3,timeline,1,100,19.3069773,20,6.665,0.729,6.824,7.906,0.9,25871,0.95,0.00
file,timeline,1,1000,19.3069773,20,2.467,0.144,2.497,2.984,0.0,0,0.00,0.00
s3,timeline,1,1000,19.3069773,20,6.927,0.609,6.989,8.788,1.0,27566,1.00,0.00
file,aggregate,6,0,19.3069773,20,42.833,4.150,44.465,46.802,0.0,0,0.00,0.00
s3,aggregate,6,0,19.3069773,20,18.101,0.866,17.799,20.898,23.5,556984,18.25,5.25
file,timeline,6,100,19.3069773,20,2.088,0.235,1.886,3.049,0.0,0,0.00,0.00
s3,timeline,6,100,19.3069773,20,6.693,0.456,6.675,8.099,6.0,154990,5.75,0.20
file,timeline,6,1000,19.3069773,20,1.885,0.098,1.872,2.269,0.0,0,0.00,0.00
s3,timeline,6,1000,19.3069773,20,6.541,0.533,6.290,8.401,6.0,158741,6.00,0.00
file,aggregate,1,0,28.117687,20,44.091,0.696,43.950,47.958,0.0,0,0.00,0.00
s3,aggregate,1,0,28.117687,20,10.602,1.067,11.217,12.445,4.0,94762,3.15,0.90
file,timeline,1,100,28.117687,20,2.774,0.200,2.891,3.295,0.0,0,0.00,0.00
s3,timeline,1,100,28.117687,20,6.314,0.438,6.293,8.097,1.0,26464,1.00,0.00
file,timeline,1,1000,28.117687,20,2.797,0.185,2.896,3.437,0.0,0,0.00,0.00
s3,timeline,1,1000,28.117687,20,7.591,0.367,7.524,8.787,1.1,27333,1.00,0.05
file,aggregate,6,0,28.117687,20,34.581,8.102,44.218,49.452,0.0,0,0.00,0.00
s3,aggregate,6,0,28.117687,20,18.474,2.324,17.005,29.940,22.8,566889,18.85,3.95
file,timeline,6,100,28.117687,20,2.057,0.132,2.007,2.541,0.0,0,0.00,0.00
s3,timeline,6,100,28.117687,20,6.505,0.450,6.231,8.008,6.3,161414,6.00,0.30
file,timeline,6,1000,28.117687,20,1.897,0.136,1.841,2.305,0.0,0,0.00,0.00
s3,timeline,6,1000,28.117687,20,6.310,0.393,6.206,8.222,6.2,164573,6.00,0.25
file,aggregate,1,0,40.9491506,20,44.624,0.680,44.227,48.032,0.0,0,0.00,0.00
s3,aggregate,1,0,40.9491506,20,9.971,1.064,11.179,13.632,3.5,93218,3.15,0.40
file,timeline,1,100,40.9491506,20,2.741,0.199,2.784,3.388,0.0,0,0.00,0.00
s3,timeline,1,100,40.9491506,20,5.972,0.564,5.620,8.222,1.0,27543,1.00,0.00
file,timeline,1,1000,40.9491506,20,2.612,0.295,2.754,3.315,0.0,0,0.00,0.00
s3,timeline,1,1000,40.9491506,20,6.778,0.698,6.284,10.003,1.1,26954,1.00,0.10
file,aggregate,6,0,40.9491506,20,35.234,8.271,45.355,48.687,0.0,0,0.00,0.00
s3,aggregate,6,0,40.9491506,20,18.523,1.437,17.902,24.308,22.5,571909,19.45,3.05
file,timeline,6,100,40.9491506,20,22.059,9.257,3.971,46.384,0.0,0,0.00,0.00
s3,timeline,6,100,40.9491506,20,8.563,0.893,7.988,11.409,6.0,164012,6.00,0.00
file,timeline,6,1000,40.9491506,20,15.956,8.752,3.488,47.426,0.0,0,0.00,0.00
s3,timeline,6,1000,40.9491506,20,8.790,0.716,9.074,10.328,6.2,161763,6.00,0.20
file,aggregate,1,0,59.6362332,20,43.835,0.560,44.039,45.842,0.0,0,0.00,0.00
s3,aggregate,1,0,59.6362332,20,10.191,1.309,10.059,15.455,3.5,95040,3.30,0.25
file,timeline,1,100,59.6362332,20,2.065,0.118,2.143,2.328,0.0,0,0.00,0.00
s3,timeline,1,100,59.6362332,20,9.199,0.748,9.290,11.566,1.3,34281,1.00,0.30
file,timeline,1,1000,59.6362332,20,3.301,0.121,3.265,3.749,0.0,0,0.00,0.00
s3,timeline,1,1000,59.6362332,20,7.704,0.477,7.413,9.139,1.0,26930,1.00,0.00
file,aggregate,6,0,59.6362332,20,37.098,7.759,44.516,49.057,0.0,0,0.00,0.00
s3,aggregate,6,0,59.6362332,20,18.568,1.179,19.015,23.291,23.6,591555,19.75,3.80
file,timeline,6,100,59.6362332,20,24.398,9.591,43.611,48.160,0.0,0,0.00,0.00
s3,timeline,6,100,59.6362332,20,11.783,0.858,11.760,15.011,8.2,197906,6.00,2.15
file,timeline,6,1000,59.6362332,20,22.445,9.243,4.398,47.758,0.0,0,0.00,0.00
s3,timeline,6,1000,59.6362332,20,9.850,1.034,9.745,15.367,6.2,168150,6.05,0.20
file,aggregate,1,0,86.8511374,20,43.926,0.330,43.944,44.513,0.0,0,0.00,0.00
s3,aggregate,1,0,86.8511374,20,10.625,1.038,10.427,13.892,4.8,124619,3.95,0.80
file,timeline,1,100,86.8511374,20,1.821,0.180,1.897,2.306,0.0,0,0.00,0.00
s3,timeline,1,100,86.8511374,20,7.986,0.962,8.292,9.959,1.2,29500,0.95,0.25
file,timeline,1,1000,86.8511374,20,2.881,0.177,2.929,3.451,0.0,0,0.00,0.00
s3,timeline,1,1000,86.8511374,20,7.437,0.371,7.392,9.117,1.0,28192,1.00,0.00
file,aggregate,6,0,86.8511374,20,39.776,6.896,45.240,51.711,0.0,0,0.00,0.00
s3,aggregate,6,0,86.8511374,20,21.834,2.301,20.267,32.068,26.5,737300,23.80,2.70
file,timeline,6,100,86.8511374,20,24.165,9.402,43.194,46.969,0.0,0,0.00,0.00
s3,timeline,6,100,86.8511374,20,11.265,0.925,10.747,15.416,7.8,213130,6.00,1.85
file,timeline,6,1000,86.8511374,20,25.162,9.361,44.796,47.961,0.0,0,0.00,0.00
s3,timeline,6,1000,86.8511374,20,10.123,0.743,9.915,12.876,6.7,175097,6.00,0.70
file,aggregate,1,0,126.485522,20,44.516,0.648,44.275,47.148,0.0,0,0.00,0.00
s3,aggregate,1,0,126.485522,20,10.989,1.166,11.310,16.037,4.7,138376,4.50,0.15
file,timeline,1,100,126.485522,20,1.370,0.127,1.283,1.983,0.0,0,0.00,0.00
s3,timeline,1,100,126.485522,20,6.053,0.716,6.064,9.145,1.4,32807,1.00,0.35
file,timeline,1,1000,126.485522,20,2.583,0.206,2.396,3.436,0.0,0,0.00,0.00
s3,timeline,1,1000,126.485522,20,5.903,0.648,5.757,8.322,1.0,28037,1.00,0.00
file,aggregate,6,0,126.485522,20,36.989,7.575,44.285,49.259,0.0,0,0.00,0.00
s3,aggregate,6,0,126.485522,20,20.067,1.908,20.786,24.895,28.1,785502,25.25,2.85
file,timeline,6,100,126.485522,20,13.555,8.333,3.012,46.512,0.0,0,0.00,0.00
s3,timeline,6,100,126.485522,20,11.158,1.203,11.697,14.031,8.3,223400,6.00,2.35
file,timeline,6,1000,126.485522,20,38.586,7.579,46.867,48.952,0.0,0,0.00,0.00
s3,timeline,6,1000,126.485522,20,10.135,0.581,10.170,12.552,6.0,170326,6.00,0.05
file,aggregate,1,0,184.206997,20,45.386,0.824,45.186,48.387,0.0,0,0.00,0.00
s3,aggregate,1,0,184.206997,20,11.390,0.983,11.316,15.664,5.1,143322,4.80,0.30
file,timeline,1,100,184.206997,20,2.168,0.149,2.286,2.543,0.0,0,0.00,0.00
s3,timeline,1,100,184.206997,20,9.694,0.937,9.389,13.006,1.3,35346,1.00,0.30
file,timeline,1,1000,184.206997,20,2.849,0.233,2.849,3.823,0.0,0,0.00,0.00
s3,timeline,1,1000,184.206997,20,6.813,0.532,7.080,8.809,1.0,31116,1.00,0.00
file,aggregate,6,0,184.206997,20,28.786,9.412,44.259,48.263,0.0,0,0.00,0.00
s3,aggregate,6,0,184.206997,20,22.007,2.038,20.905,30.450,28.7,812050,27.00,1.70
file,timeline,6,100,184.206997,20,17.906,8.922,3.426,47.048,0.0,0,0.00,0.00
s3,timeline,6,100,184.206997,20,10.743,0.919,10.470,14.681,7.0,209217,6.00,1.00
file,timeline,6,1000,184.206997,20,18.963,9.371,4.383,50.689,0.0,0,0.00,0.00
s3,timeline,6,1000,184.206997,20,8.390,1.383,7.711,12.714,6.3,187769,6.00,0.30
file,aggregate,1,0,268.26958,20,44.615,0.592,44.346,46.331,0.0,0,0.00,0.00
s3,aggregate,1,0,268.26958,20,11.738,1.320,12.250,15.658,5.1,144980,4.85,0.25
file,timeline,1,100,268.26958,20,1.872,0.202,1.897,2.608,0.0,0,0.00,0.00
s3,timeline,1,100,268.26958,20,8.297,1.070,8.218,12.780,1.3,43327,1.00,0.30
file,timeline,1,1000,268.26958,20,2.816,0.213,2.753,3.449,0.0,0,0.00,0.00
s3,timeline,1,1000,268.26958,20,6.968,0.405,7.130,8.530,1.0,32115,1.00,0.00
file,aggregate,6,0,268.26958,20,31.242,9.290,44.274,51.477,0.0,0,0.00,0.00
s3,aggregate,6,0,268.26958,20,22.203,1.132,22.328,26.465,32.1,912820,30.60,1.55
file,timeline,6,100,268.26958,20,19.765,9.459,2.755,48.064,0.0,0,0.00,0.00
s3,timeline,6,100,268.26958,20,10.653,1.215,10.063,15.188,7.0,241102,5.95,1.00
file,timeline,6,1000,268.26958,20,27.437,9.406,44.665,48.048,0.0,0,0.00,0.00
s3,timeline,6,1000,268.26958,20,10.360,0.732,10.667,13.166,5.8,189268,5.80,0.00
file,aggregate,1,0,390.693994,20,44.541,0.643,44.343,47.545,0.0,0,0.00,0.00
s3,aggregate,1,0,390.693994,20,13.423,0.879,13.394,16.748,5.8,157148,5.45,0.40
file,timeline,1,100,390.693994,20,2.797,0.058,2.784,2.921,0.0,0,0.00,0.00
s3,timeline,1,100,390.693994,20,10.970,0.748,10.852,13.544,1.1,46071,1.00,0.15
file,timeline,1,1000,390.693994,20,3.673,0.108,3.687,4.043,0.0,0,0.00,0.00
s3,timeline,1,1000,390.693994,20,8.582,0.214,8.691,9.151,1.0,36709,1.00,0.00
file,aggregate,6,0,390.693994,20,30.492,9.040,44.380,48.137,0.0,0,0.00,0.00
s3,aggregate,6,0,390.693994,20,23.463,2.534,22.761,33.053,32.4,902657,30.85,1.50
file,timeline,6,100,390.693994,20,18.479,9.313,3.928,49.790,0.0,0,0.00,0.00
s3,timeline,6,100,390.693994,20,12.313,1.212,12.598,16.831,7.3,292895,6.00,1.30
file,timeline,6,1000,390.693994,20,30.335,9.313,44.933,51.991,0.0,0,0.00,0.00
s3,timeline,6,1000,390.693994,20,11.241,0.576,11.759,12.903,6.0,215598,6.00,0.00
file,aggregate,1,0,568.986603,20,45.524,1.105,44.527,49.777,0.0,0,0.00,0.00
s3,aggregate,1,0,568.986603,20,12.958,1.081,13.516,16.979,6.2,170569,5.95,0.20
file,timeline,1,100,568.986603,20,1.944,0.208,2.123,2.467,0.0,0,0.00,0.00
s3,timeline,1,100,568.986603,20,7.217,0.631,7.490,9.075,1.0,38165,1.00,0.00
file,timeline,1,1000,568.986603,20,3.117,0.310,3.135,3.379,0.0,0,0.00,0.00
s3,timeline,1,1000,568.986603,20,11.761,0.772,11.486,14.910,1.1,56826,1.00,0.15
file,aggregate,6,0,568.986603,20,32.466,8.619,44.607,47.854,0.0,0,0.00,0.00
s3,aggregate,6,0,568.986603,20,23.788,1.126,23.521,27.444,36.9,995983,34.95,1.95
file,timeline,6,100,568.986603,20,22.056,9.209,3.985,46.419,0.0,0,0.00,0.00
s3,timeline,6,100,568.986603,20,9.909,0.540,10.151,11.827,6.0,217824,5.95,0.00
file,timeline,6,1000,568.986603,20,31.191,10.188,44.488,50.435,0.0,0,0.00,0.00
s3,timeline,6,1000,568.986603,20,13.513,0.879,13.844,16.742,7.1,349573,6.00,1.10
file,aggregate,1,0,828.642773,20,44.652,0.872,43.927,48.211,0.0,0,0.00,0.00
s3,aggregate,1,0,828.642773,20,13.652,1.385,13.924,18.260,6.5,182233,6.10,0.35
file,timeline,1,100,828.642773,20,2.349,0.298,2.228,4.005,0.0,0,0.00,0.00
s3,timeline,1,100,828.642773,20,7.745,0.592,7.383,9.842,1.0,41803,1.00,0.00
file,timeline,1,1000,828.642773,20,3.510,0.210,3.769,3.977,0.0,0,0.00,0.00
s3,timeline,1,1000,828.642773,20,12.784,0.761,12.474,15.132,1.1,68158,1.00,0.10
file,aggregate,6,0,828.642773,20,30.446,8.924,44.288,47.711,0.0,0,0.00,0.00
s3,aggregate,6,0,828.642773,20,26.479,2.007,26.796,33.445,39.3,1150145,38.00,1.30
file,timeline,6,100,828.642773,20,17.441,9.127,2.994,47.295,0.0,0,0.00,0.00
s3,timeline,6,100,828.642773,20,9.386,0.846,9.812,11.214,6.0,229955,6.00,0.00
file,timeline,6,1000,828.642773,20,11.050,7.014,4.822,48.629,0.0,0,0.00,0.00
s3,timeline,6,1000,828.642773,20,14.360,1.170,14.066,18.084,6.2,418634,6.15,0.00
file,aggregate,1,0,1206.79264,20,44.667,0.674,44.439,48.309,0.0,0,0.00,0.00
s3,aggregate,1,0,1206.79264,20,13.981,0.794,14.199,17.222,7.1,212969,6.85,0.25
file,timeline,1,100,1206.79264,20,1.872,0.157,1.901,2.358,0.0,0,0.00,0.00
s3,timeline,1,100,1206.79264,20,7.518,0.801,7.805,10.213,0.9,45635,0.95,0.00
file,timeline,1,1000,1206.79264,20,4.770,0.378,4.785,5.260,0.0,0,0.00,0.00
s3,timeline,1,1000,1206.79264,20,14.517,0.829,14.658,17.248,1.0,94303,1.00,0.00
file,aggregate,6,0,1206.79264,20,31.174,9.084,44.299,48.140,0.0,0,0.00,0.00
s3,aggregate,6,0,1206.79264,20,27.792,2.761,25.972,36.778,41.1,1234967,39.75,1.40
file,timeline,6,100,1206.79264,20,23.906,9.178,44.031,45.973,0.0,0,0.00,0.00
s3,timeline,6,100,1206.79264,20,10.050,0.793,10.089,13.318,6.0,250759,6.05,0.00
file,timeline,6,1000,1206.79264,20,25.876,9.496,9.383,51.137,0.0,0,0.00,0.00
s3,timeline,6,1000,1206.79264,20,19.320,1.752,18.575,25.303,7.3,563969,6.00,1.30
file,aggregate,1,0,1757.51062,20,45.171,0.717,44.881,48.106,0.0,0,0.00,0.00
s3,aggregate,1,0,1757.51062,20,13.567,0.854,13.512,16.605,6.8,206314,6.65,0.15
file,timeline,1,100,1757.51062,20,2.384,0.137,2.479,2.723,0.0,0,0.00,0.00
s3,timeline,1,100,1757.51062,20,7.591,0.582,7.893,9.709,1.0,41684,1.00,0.00
file,timeline,1,1000,1757.51062,20,5.945,0.222,6.136,6.380,0.0,0,0.00,0.00
s3,timeline,1,1000,1757.51062,20,17.709,0.874,18.167,20.866,1.1,120203,1.00,0.05
file,aggregate,6,0,1757.51062,20,19.598,9.151,2.972,47.122,0.0,0,0.00,0.00
s3,aggregate,6,0,1757.51062,20,26.205,1.944,28.239,30.979,39.8,1202892,38.80,1.00
file,timeline,6,100,1757.51062,20,20.251,9.555,4.125,50.991,0.0,0,0.00,0.00
s3,timeline,6,100,1757.51062,20,9.389,1.056,9.934,13.580,6.0,261341,6.00,0.00
file,timeline,6,1000,1757.51062,20,26.700,9.243,12.654,51.522,0.0,0,0.00,0.00
s3,timeline,6,1000,1757.51062,20,21.664,2.813,21.674,29.856,6.8,734582,6.00,0.85
file,aggregate,1,0,2559.54792,20,45.364,0.874,45.218,48.308,0.0,0,0.00,0.00
s3,aggregate,1,0,2559.54792,20,13.503,0.508,13.913,15.047,6.7,211780,6.70,0.00
file,timeline,1,100,2559.54792,20,2.617,0.039,2.632,2.755,0.0,0,0.00,0.00
s3,timeline,1,100,2559.54792,20,9.023,0.837,9.712,11.113,0.9,52129,0.95,0.00
file,timeline,1,1000,2559.54792,20,7.961,0.254,7.969,8.909,0.0,0,0.00,0.00
s3,timeline,1,1000,2559.54792,20,22.527,0.653,22.492,24.657,1.1,164421,1.05,0.05
file,aggregate,6,0,2559.54792,20,26.225,9.201,43.511,48.056,0.0,0,0.00,0.00
s3,aggregate,6,0,2559.54792,20,26.905,1.900,26.679,33.915,42.5,1290015,41.45,1.00
file,timeline,6,100,2559.54792,20,21.976,9.268,3.835,47.665,0.0,0,0.00,0.00
s3,timeline,6,100,2559.54792,20,9.862,1.168,9.755,13.665,5.7,282194,5.70,0.00
file,timeline,6,1000,2559.54792,20,17.746,7.731,9.896,54.116,0.0,0,0.00,0.00
s3,timeline,6,1000,2559.54792,20,25.622,3.759,23.864,43.960,7.3,990481,6.15,1.15
file,aggregate,1,0,3727.59372,20,44.450,0.708,44.067,47.715,0.0,0,0.00,0.00
s3,aggregate,1,0,3727.59372,20,13.732,0.463,13.718,15.522,7.3,228956,7.25,0.05
file,timeline,1,100,3727.59372,20,2.857,0.061,2.885,3.065,0.0,0,0.00,0.00
s3,timeline,1,100,3727.59372,20,9.739,0.853,10.318,10.672,0.9,59307,0.95,0.00
file,timeline,1,1000,3727.59372,20,18.619,7.397,10.808,53.862,0.0,0,0.00,0.00
s3,timeline,1,1000,3727.59372,20,27.064,2.579,28.741,32.687,1.1,213858,1.00,0.05
file,aggregate,6,0,3727.59372,20,26.271,9.513,44.299,48.545,0.0,0,0.00,0.00
s3,aggregate,6,0,3727.59372,20,26.512,1.227,26.974,31.369,42.1,1303643,41.45,0.65
file,timeline,6,100,3727.59372,20,20.019,9.094,4.074,47.595,0.0,0,0.00,0.00
s3,timeline,6,100,3727.59372,20,10.672,1.386,10.296,16.851,6.0,334515,6.00,0.00
file,timeline,6,1000,3727.59372,20,20.855,7.375,13.983,52.607,0.0,0,0.00,0.00
s3,timeline,6,1000,3727.59372,20,32.416,1.953,33.038,39.267,7.0,1350093,6.10,0.85
file,aggregate,1,0,5428.67544,20,44.874,0.677,44.384,47.971,0.0,0,0.00,0.00
s3,aggregate,1,0,5428.67544,20,14.251,0.735,14.219,17.148,7.7,238322,7.50,0.15
file,timeline,1,100,5428.67544,20,1.905,0.148,2.004,2.245,0.0,0,0.00,0.00
s3,timeline,1,100,5428.67544,20,6.996,0.459,7.322,7.997,1.1,45345,1.05,0.00
file,timeline,1,1000,5428.67544,20,2.894,0.127,3.047,3.215,0.0,0,0.00,0.00
s3,timeline,1,1000,5428.67544,20,10.026,0.287,10.381,10.744,1.0,68899,1.00,0.00
file,aggregate,6,0,5428.67544,20,29.032,9.509,45.428,48.802,0.0,0,0.00,0.00
s3,aggregate,6,0,5428.67544,20,28.334,1.685,27.903,30.098,43.8,1360335,43.55,0.25
file,timeline,6,100,5428.67544,20,26.520,9.338,44.087,48.444,0.0,0,0.00,0.00
s3,timeline,6,100,5428.67544,20,7.516,1.100,8.213,10.070,4.8,199068,4.80,0.00
file,timeline,6,1000,5428.67544,20,25.645,9.277,44.279,47.902,0.0,0,0.00,0.00
s3,timeline,6,1000,5428.67544,20,13.401,0.999,13.263,16.771,6.2,428547,6.25,0.00
file,aggregate,1,0,7906.04321,20,44.837,0.868,44.210,48.763,0.0,0,0.00,0.00
s3,aggregate,1,0,7906.04321,20,13.798,0.583,13.859,15.182,7.5,233292,7.45,0.00
file,timeline,1,100,7906.04321,20,2.124,0.110,2.187,2.445,0.0,0,0.00,0.00
s3,timeline,1,100,7906.04321,20,6.937,1.189,7.562,10.327,0.8,39064,0.85,0.00
file,timeline,1,1000,7906.04321,20,3.653,0.101,3.662,4.044,0.0,0,0.00,0.00
s3,timeline,1,1000,7906.04321,20,12.316,0.580,12.771,14.388,1.1,87309,1.05,0.00
file,aggregate,6,0,7906.04321,20,28.526,9.365,44.363,47.789,0.0,0,0.00,0.00
s3,aggregate,6,0,7906.04321,20,27.952,2.089,27.546,34.102,42.6,1304576,42.15,0.45
file,timeline,6,100,7906.04321,20,15.080,8.522,3.270,46.074,0.0,0,0.00,0.00
s3,timeline,6,100,7906.04321,20,7.722,1.097,8.032,10.188,5.7,236414,5.70,0.00
file,timeline,6,1000,7906.04321,20,7.557,5.678,2.935,44.712,0.0,0,0.00,0.00
s3,timeline,6,1000,7906.04321,20,11.758,1.300,10.720,17.261,6.1,501633,6.10,0.00
file,aggregate,1,0,11513.954,20,44.586,0.477,44.194,47.048,0.0,0,0.00,0.00
s3,aggregate,1,0,11513.954,20,14.029,0.993,14.005,17.842,7.6,237218,7.45,0.15
file,timeline,1,100,11513.954,20,2.213,0.108,2.226,2.470,0.0,0,0.00,0.00
s3,timeline,1,100,11513.954,20,6.922,1.099,7.505,9.888,0.8,41282,0.80,0.00
file,timeline,1,1000,11513.954,20,3.924,0.186,3.948,4.419,0.0,0,0.00,0.00
s3,timeline,1,1000,11513.954,20,13.219,0.791,13.674,15.605,1.1,104988,1.10,0.00
file,aggregate,6,0,11513.954,20,31.329,9.251,44.324,50.379,0.0,0,0.00,0.00
s3,aggregate,6,0,11513.954,20,29.241,1.099,29.508,31.956,46.5,1451058,46.25,0.25
file,timeline,6,100,11513.954,20,24.823,9.518,43.696,48.385,0.0,0,0.00,0.00
s3,timeline,6,100,11513.954,20,7.711,1.190,8.263,10.616,4.8,212804,4.85,0.00
file,timeline,6,1000,11513.954,20,8.780,5.501,4.602,45.417,0.0,0,0.00,0.00
s3,timeline,6,1000,11513.954,20,14.631,1.569,15.070,18.964,5.8,627111,5.80,0.00
file,aggregate,1,0,16768.3294,20,45.330,0.787,45.124,47.973,0.0,0,0.00,0.00
s3,aggregate,1,0,16768.3294,20,13.672,1.176,13.539,17.134,7.0,214149,7.00,0.05
file,timeline,1,100,16768.3294,20,2.412,0.177,2.327,2.902,0.0,0,0.00,0.00
s3,timeline,1,100,16768.3294,20,7.565,1.289,8.476,11.130,0.9,47057,0.95,0.00
file,timeline,1,1000,16768.3294,20,4.802,0.262,4.986,5.559,0.0,0,0.00,0.00
s3,timeline,1,1000,16768.3294,20,16.033,1.532,16.170,20.392,1.1,148625,1.05,0.00
file,aggregate,6,0,16768.3294,20,38.993,6.766,44.376,48.179,0.0,0,0.00,0.00
s3,aggregate,6,0,16768.3294,20,29.361,1.773,30.057,34.178,46.1,1421976,45.35,0.75
file,timeline,6,100,16768.3294,20,20.236,9.161,3.878,47.513,0.0,0,0.00,0.00
s3,timeline,6,100,16768.3294,20,8.462,1.161,9.554,12.724,5.3,248287,5.30,0.00
file,timeline,6,1000,16768.3294,20,9.740,5.389,5.505,45.892,0.0,0,0.00,0.00
s3,timeline,6,1000,16768.3294,20,18.154,1.960,17.330,27.114,6.2,888310,6.20,0.00
file,aggregate,1,0,24420.5309,20,45.380,0.812,44.681,48.620,0.0,0,0.00,0.00
s3,aggregate,1,0,24420.5309,20,14.664,0.772,15.255,17.458,8.2,250484,8.10,0.05
file,timeline,1,100,24420.5309,20,2.227,0.360,2.241,2.531,0.0,0,0.00,0.00
s3,timeline,1,100,24420.5309,20,7.084,0.857,7.745,9.803,1.1,54886,1.05,0.00
file,timeline,1,1000,24420.5309,20,13.894,6.856,7.935,51.031,0.0,0,0.00,0.00
s3,timeline,1,1000,24420.5309,20,19.274,2.226,21.149,25.295,1.1,175203,1.05,0.00
file,aggregate,6,0,24420.5309,20,31.477,9.271,46.223,48.662,0.0,0,0.00,0.00
s3,aggregate,6,0,24420.5309,20,30.209,1.557,30.587,34.799,46.1,1438221,45.55,0.55
file,timeline,6,100,24420.5309,20,6.170,5.815,1.834,43.529,0.0,0,0.00,0.00
s3,timeline,6,100,24420.5309,20,6.892,1.271,6.821,12.201,5.5,271954,5.45,0.00
file,timeline,6,1000,24420.5309,20,7.853,0.635,7.745,10.684,0.0,0,0.00,0.00
s3,timeline,6,1000,24420.5309,20,23.854,1.711,24.424,29.852,6.8,1244140,6.75,0.00
file,aggregate,1,0,35564.8031,20,44.327,0.376,44.186,45.925,0.0,0,0.00,0.00
s3,aggregate,1,0,35564.8031,20,15.007,0.566,15.232,16.525,8.3,267649,8.35,0.00
file,timeline,1,100,35564.8031,20,2.437,0.212,2.659,2.908,0.0,0,0.00,0.00
s3,timeline,1,100,35564.8031,20,8.734,0.869,9.323,10.666,1.0,67114,1.00,0.00
file,timeline,1,1000,35564.8031,20,18.611,7.136,11.000,51.364,0.0,0,0.00,0.00
s3,timeline,1,1000,35564.8031,20,28.026,2.225,29.236,32.103,1.1,278363,1.15,0.00
file,aggregate,6,0,35564.8031,20,31.374,9.331,46.325,48.995,0.0,0,0.00,0.00
s3,aggregate,6,0,35564.8031,20,30.022,1.448,29.811,34.716,47.0,1481072,46.45,0.60
file,timeline,6,100,35564.8031,20,17.933,9.028,3.896,46.721,0.0,0,0.00,0.00
s3,timeline,6,100,35564.8031,20,9.716,1.002,9.535,13.710,6.7,354583,6.70,0.00
file,timeline,6,1000,35564.8031,20,12.571,4.087,10.396,13.473,0.0,0,0.00,0.00
s3,timeline,6,1000,35564.8031,20,25.849,1.477,26.237,29.993,7.2,1661972,7.15,0.00
file,aggregate,1,0,51794.7468,20,44.118,0.639,43.903,45.610,0.0,0,0.00,0.00
s3,aggregate,1,0,51794.7468,20,14.362,0.828,14.703,17.319,8.8,283612,8.80,0.00
file,timeline,1,100,51794.7468,20,1.932,0.050,1.925,2.112,0.0,0,0.00,0.00
s3,timeline,1,100,51794.7468,20,7.013,0.543,7.371,7.843,0.9,33119,0.95,0.00
file,timeline,1,1000,51794.7468,20,3.033,0.169,3.011,3.815,0.0,0,0.00,0.00
s3,timeline,1,1000,51794.7468,20,9.636,0.854,10.368,10.741,1.1,74640,1.15,0.00
file,aggregate,6,0,51794.7468,20,26.259,9.250,44.045,46.997,0.0,0,0.00,0.00
s3,aggregate,6,0,51794.7468,20,30.280,1.349,30.522,32.712,48.0,1500001,47.05,1.00
file,timeline,6,100,51794.7468,20,16.485,8.761,2.549,44.506,0.0,0,0.00,0.00
s3,timeline,6,100,51794.7468,20,5.389,4.358,2.752,7.203,1.5,53974,1.50,0.00
file,timeline,6,1000,51794.7468,20,9.629,6.975,2.820,47.109,0.0,0,0.00,0.00
s3,timeline,6,1000,51794.7468,20,10.128,2.205,10.217,15.180,5.9,366434,5.90,0.00
file,aggregate,1,0,75431.2006,20,44.392,0.529,44.271,46.356,0.0,0,0.00,0.00
s3,aggregate,1,0,75431.2006,20,14.369,0.841,14.227,16.987,7.5,231296,7.45,0.10
file,timeline,1,100,75431.2006,20,1.893,0.051,1.925,2.013,0.0,0,0.00,0.00
s3,timeline,1,100,75431.2006,20,3.650,1.022,2.264,7.259,0.3,10686,0.30,0.00
file,timeline,1,1000,75431.2006,20,2.127,0.210,2.044,2.406,0.0,0,0.00,0.00
s3,timeline,1,1000,75431.2006,20,7.554,0.648,7.464,9.547,1.4,90261,1.45,0.00
file,aggregate,6,0,75431.2006,20,30.941,9.056,44.566,48.096,0.0,0,0.00,0.00
s3,aggregate,6,0,75431.2006,20,29.625,1.700,29.767,36.858,45.9,1446326,45.65,0.20
file,timeline,6,100,75431.2006,20,17.581,9.168,2.961,47.775,0.0,0,0.00,0.00
s3,timeline,6,100,75431.2006,20,4.577,1.181,3.387,8.556,2.4,86368,2.40,0.00
file,timeline,6,1000,75431.2006,20,7.727,5.656,3.326,45.442,0.0,0,0.00,0.00
s3,timeline,6,1000,75431.2006,20,10.524,1.767,9.400,18.962,6.7,472892,6.70,0.00
file,aggregate,1,0,109854.114,20,44.236,0.850,43.678,47.959,0.0,0,0.00,0.00
s3,aggregate,1,0,109854.114,20,14.052,0.648,14.079,16.075,7.0,219741,7.00,0.00
file,timeline,1,100,109854.114,20,1.827,0.133,1.916,2.242,0.0,0,0.00,0.00
s3,timeline,1,100,109854.114,20,3.231,0.894,2.333,7.303,0.2,9131,0.25,0.00
file,timeline,1,1000,109854.114,20,3.435,0.212,3.536,4.042,0.0,0,0.00,0.00
s3,timeline,1,1000,109854.114,20,8.805,1.524,9.510,13.924,1.2,81407,1.20,0.00
file,aggregate,6,0,109854.114,20,28.670,9.381,44.620,48.427,0.0,0,0.00,0.00
s3,aggregate,6,0,109854.114,20,28.316,1.505,28.964,33.241,44.4,1386031,44.10,0.30
file,timeline,6,100,109854.114,20,26.951,9.488,43.442,51.438,0.0,0,0.00,0.00
s3,timeline,6,100,109854.114,20,5.155,1.219,3.574,9.908,1.8,64731,1.80,0.00
file,timeline,6,1000,109854.114,20,12.855,7.725,4.377,49.274,0.0,0,0.00,0.00
s3,timeline,6,1000,109854.114,20,14.067,2.038,13.572,21.665,7.7,614902,7.65,0.00
file,aggregate,1,0,159985.872,20,44.412,0.695,43.967,48.049,0.0,0,0.00,0.00
s3,aggregate,1,0,159985.872,20,13.907,0.718,14.103,16.173,7.3,224751,7.30,0.00
file,timeline,1,100,159985.872,20,2.028,0.043,2.031,2.159,0.0,0,0.00,0.00
s3,timeline,1,100,159985.872,20,3.456,0.960,2.234,7.437,0.2,8941,0.25,0.00
file,timeline,1,1000,159985.872,20,4.735,0.328,4.598,5.490,0.0,0,0.00,0.00
s3,timeline,1,1000,159985.872,20,13.309,1.572,14.992,17.146,1.3,110054,1.30,0.00
file,aggregate,6,0,159985.872,20,22.818,9.643,4.827,49.989,0.0,0,0.00,0.00
s3,aggregate,6,0,159985.872,20,28.355,1.221,29.009,32.785,42.1,1306344,41.95,0.20
file,timeline,6,100,159985.872,20,13.343,8.499,2.963,48.951,0.0,0,0.00,0.00
s3,timeline,6,100,159985.872,20,4.264,1.516,3.161,9.704,1.5,53917,1.50,0.00
file,timeline,6,1000,159985.872,20,15.726,7.912,5.254,47.470,0.0,0,0.00,0.00
s3,timeline,6,1000,159985.872,20,16.086,2.025,18.769,20.783,8.4,780186,8.45,0.00
file,aggregate,1,0,232995.181,20,43.925,0.406,44.008,44.684,0.0,0,0.00,0.00
s3,aggregate,1,0,232995.181,20,14.200,0.735,14.331,16.746,6.6,202976,6.55,0.05
file,timeline,1,100,232995.181,20,1.783,0.206,1.968,2.265,0.0,0,0.00,0.00
s3,timeline,1,100,232995.181,20,2.840,0.936,2.210,7.896,0.1,5483,0.15,0.00
file,timeline,1,1000,232995.181,20,22.261,9.049,8.377,51.545,0.0,0,0.00,0.00
s3,timeline,1,1000,232995.181,20,14.899,1.713,15.199,20.175,1.4,154344,1.45,0.00
file,aggregate,6,0,232995.181,20,28.489,9.331,44.357,47.650,0.0,0,0.00,0.00
s3,aggregate,6,0,232995.181,20,29.444,1.547,29.884,36.532,45.0,1425493,44.45,0.60
file,timeline,6,100,232995.181,20,20.393,9.584,3.944,48.912,0.0,0,0.00,0.00
s3,timeline,6,100,232995.181,20,3.592,0.930,2.730,6.513,1.2,43109,1.20,0.00
file,timeline,6,1000,232995.181,20,21.922,8.846,9.946,54.612,0.0,0,0.00,0.00
s3,timeline,6,1000,232995.181,20,20.003,1.893,19.166,26.306,10.6,1123049,10.60,0.00
file,aggregate,1,0,339322.177,20,44.350,0.487,44.345,45.733,0.0,0,0.00,0.00
s3,aggregate,1,0,339322.177,20,14.821,0.760,14.572,17.934,7.0,219446,7.05,0.00
file,timeline,1,100,339322.177,20,2.487,0.290,2.423,2.668,0.0,0,0.00,0.00
s3,timeline,1,100,339322.177,20,3.622,0.825,2.866,8.108,0.1,5366,0.15,0.00
file,timeline,1,1000,339322.177,20,13.076,5.517,9.415,50.433,0.0,0,0.00,0.00
s3,timeline,1,1000,339322.177,20,17.773,2.532,18.423,25.336,1.4,133702,1.45,0.00
file,aggregate,6,0,339322.177,20,36.633,7.382,44.459,46.968,0.0,0,0.00,0.00
s3,aggregate,6,0,339322.177,20,28.641,1.387,28.709,33.133,44.6,1378032,44.10,0.55
file,timeline,6,100,339322.177,20,18.244,8.976,3.867,47.262,0.0,0,0.00,0.00
s3,timeline,6,100,339322.177,20,5.793,1.242,4.848,11.086,2.1,75560,2.10,0.00
file,timeline,6,1000,339322.177,20,21.303,8.003,11.571,56.801,0.0,0,0.00,0.00
s3,timeline,6,1000,339322.177,20,23.633,3.231,23.451,36.105,11.9,1269157,11.90,0.00
file,aggregate,1,0,494171.336,20,44.300,0.572,44.206,45.652,0.0,0,0.00,0.00
s3,aggregate,1,0,494171.336,20,14.715,0.774,15.021,17.276,6.8,205396,6.75,0.05
file,timeline,1,100,494171.336,20,2.626,0.141,2.733,3.024,0.0,0,0.00,0.00
s3,timeline,1,100,494171.336,20,4.074,0.876,3.285,8.088,0.2,7328,0.20,0.00
file,timeline,1,1000,494171.336,20,21.685,7.607,13.510,56.915,0.0,0,0.00,0.00
s3,timeline,1,1000,494171.336,20,24.079,2.698,26.308,31.363,1.9,198464,1.90,0.00
file,aggregate,6,0,494171.336,20,38.152,7.856,45.417,50.777,0.0,0,0.00,0.00
s3,aggregate,6,0,494171.336,20,29.060,1.683,30.233,35.085,45.5,1434906,45.55,0.00
file,timeline,6,100,494171.336,20,4.908,3.915,2.664,7.792,0.0,0,0.00,0.00
s3,timeline,6,100,494171.336,20,4.225,1.009,4.008,9.694,1.2,43152,1.20,0.00
file,timeline,6,1000,494171.336,20,20.852,7.153,13.976,59.374,0.0,0,0.00,0.00
s3,timeline,6,1000,494171.336,20,28.042,4.248,28.278,44.375,13.2,1625252,13.20,0.00
file,aggregate,1,0,719685.673,20,42.619,3.681,43.823,48.695,0.0,0,0.00,0.00
s3,aggregate,1,0,719685.673,20,15.154,0.758,14.823,17.874,7.9,228493,7.65,0.25
file,timeline,1,100,719685.673,20,1.526,0.179,1.608,2.122,0.0,0,0.00,0.00
s3,timeline,1,100,719685.673,20,2.124,0.699,1.687,6.373,0.1,2509,0.15,0.00
file,timeline,1,1000,719685.673,20,7.275,5.746,2.978,43.324,0.0,0,0.00,0.00
s3,timeline,1,1000,719685.673,20,8.058,1.095,8.943,10.239,1.4,51977,1.45,0.00
file,aggregate,6,0,719685.673,20,22.877,9.538,11.258,49.718,0.0,0,0.00,0.00
s3,aggregate,6,0,719685.673,20,29.733,1.234,30.185,33.392,45.9,1439680,45.75,0.10
file,timeline,6,100,719685.673,20,15.006,8.587,2.935,45.604,0.0,0,0.00,0.00
s3,timeline,6,100,719685.673,20,2.306,0.349,2.164,3.327,0.0,0,0.00,0.00
file,timeline,6,1000,719685.673,20,14.991,8.115,4.826,47.403,0.0,0,0.00,0.00
s3,timeline,6,1000,719685.673,20,6.503,1.666,5.714,14.821,1.8,64746,1.80,0.00
file,aggregate,1,0,1048113.13,20,44.105,0.636,44.199,47.403,0.0,0,0.00,0.00
s3,aggregate,1,0,1048113.13,20,13.536,0.689,13.526,15.997,7.3,233292,7.35,0.00
file,timeline,1,100,1048113.13,20,1.095,0.138,0.990,1.446,0.0,0,0.00,0.00
s3,timeline,1,100,1048113.13,20,1.221,0.111,1.128,1.578,0.0,0,0.00,0.00
file,timeline,1,1000,1048113.13,20,3.536,0.112,3.554,3.890,0.0,0,0.00,0.00
s3,timeline,1,1000,1048113.13,20,5.224,0.828,4.474,9.861,0.1,4469,0.15,0.00
file,aggregate,6,0,1048113.13,20,31.695,8.942,45.313,48.332,0.0,0,0.00,0.00
s3,aggregate,6,0,1048113.13,20,27.669,1.634,27.000,33.379,42.8,1360342,42.75,0.00
file,timeline,6,100,1048113.13,20,17.471,9.111,2.989,47.728,0.0,0,0.00,0.00
s3,timeline,6,100,1048113.13,20,2.615,0.294,2.320,3.657,0.0,0,0.00,0.00
file,timeline,6,1000,1048113.13,20,14.815,7.914,5.389,47.095,0.0,0,0.00,0.00
s3,timeline,6,1000,1048113.13,20,6.567,1.171,6.276,10.950,1.2,37672,1.20,0.00
file,aggregate,1,0,1526417.97,20,44.410,0.677,43.997,46.820,0.0,0,0.00,0.00
s3,aggregate,1,0,1526417.97,20,14.720,0.799,15.100,16.877,7.3,231155,7.30,0.00
file,timeline,1,100,1526417.97,20,1.963,0.098,1.904,2.312,0.0,0,0.00,0.00
s3,timeline,1,100,1526417.97,20,2.368,0.402,2.168,2.712,0.1,265,0.05,0.00
file,timeline,1,1000,1526417.97,20,8.261,5.429,4.245,45.324,0.0,0,0.00,0.00
s3,timeline,1,1000,1526417.97,20,5.725,0.683,5.454,7.741,0.1,1851,0.05,0.00
file,aggregate,6,0,1526417.97,20,23.009,9.387,12.416,47.571,0.0,0,0.00,0.00
s3,aggregate,6,0,1526417.97,20,29.453,2.004,28.746,39.285,45.5,1432354,45.20,0.25
file,timeline,6,100,1526417.97,20,15.614,8.768,3.252,47.622,0.0,0,0.00,0.00
s3,timeline,6,100,1526417.97,20,2.900,0.391,3.057,4.213,0.0,0,0.00,0.00
file,timeline,6,1000,1526417.97,20,6.857,3.969,5.124,10.508,0.0,0,0.00,0.00
s3,timeline,6,1000,1526417.97,20,7.383,1.644,5.374,13.088,2.1,75483,2.10,0.00
file,aggregate,1,0,2222996.48,20,45.294,0.973,45.257,48.894,0.0,0,0.00,0.00
s3,aggregate,1,0,2222996.48,20,14.565,0.665,14.781,16.780,7.3,232367,7.35,0.00
file,timeline,1,100,2222996.48,20,2.533,0.398,2.281,2.987,0.0,0,0.00,0.00
s3,timeline,1,100,2222996.48,20,2.701,0.154,2.637,3.593,0.0,0,0.00,0.00
file,timeline,1,1000,2222996.48,20,5.220,0.198,5.220,5.806,0.0,0,0.00,0.00
s3,timeline,1,1000,2222996.48,20,6.727,0.623,6.369,8.647,0.0,0,0.00,0.00
file,aggregate,6,0,2222996.48,20,27.216,9.763,44.726,49.009,0.0,0,0.00,0.00
s3,aggregate,6,0,2222996.48,20,29.034,1.812,29.821,33.874,42.5,1346044,42.10,0.40
file,timeline,6,100,2222996.48,20,26.043,9.248,43.781,48.074,0.0,0,0.00,0.00
s3,timeline,6,100,2222996.48,20,3.371,0.456,3.876,4.618,0.3,1610,0.30,0.00
file,timeline,6,1000,2222996.48,20,18.259,8.736,7.997,52.039,0.0,0,0.00,0.00
s3,timeline,6,1000,2222996.48,20,11.385,1.995,10.906,19.545,3.0,102275,3.00,0.00
file,aggregate,1,0,3237457.54,20,44.499,0.801,44.124,48.215,0.0,0,0.00,0.00
s3,aggregate,1,0,3237457.54,20,13.856,0.749,13.779,16.486,7.2,228888,7.20,0.05
file,timeline,1,100,3237457.54,20,2.379,0.071,2.350,2.593,0.0,0,0.00,0.00
s3,timeline,1,100,3237457.54,20,2.847,0.073,2.872,3.072,0.0,0,0.00,0.00
file,timeline,1,1000,3237457.54,20,20.794,8.416,8.893,51.803,0.0,0,0.00,0.00
s3,timeline,1,1000,3237457.54,20,10.807,0.640,10.859,13.215,0.0,0,0.00,0.00
file,aggregate,6,0,3237457.54,20,28.635,9.317,44.154,47.849,0.0,0,0.00,0.00
s3,aggregate,6,0,3237457.54,20,29.551,1.118,28.832,34.416,45.1,1433278,45.15,0.00
file,timeline,6,100,3237457.54,20,14.172,8.494,3.619,50.343,0.0,0,0.00,0.00
s3,timeline,6,100,3237457.54,20,3.764,0.407,3.857,5.066,0.0,0,0.00,0.00
file,timeline,6,1000,3237457.54,20,26.761,8.892,16.539,55.858,0.0,0,0.00,0.00
s3,timeline,6,1000,3237457.54,20,14.835,2.005,14.622,19.623,2.4,86276,2.40,0.00
file,aggregate,1,0,4714866.36,20,44.690,0.718,44.274,47.407,0.0,0,0.00,0.00
s3,aggregate,1,0,4714866.36,20,14.132,0.511,14.266,15.475,6.8,212505,6.75,0.00
file,timeline,1,100,4714866.36,20,2.719,0.067,2.707,2.964,0.0,0,0.00,0.00
s3,timeline,1,100,4714866.36,20,3.269,0.134,3.334,3.588,0.0,0,0.00,0.00
file,timeline,1,1000,4714866.36,20,30.455,9.455,13.815,56.658,0.0,0,0.00,0.00
s3,timeline,1,1000,4714866.36,20,14.960,1.114,14.332,17.524,0.0,0,0.00,0.00
file,aggregate,6,0,4714866.36,20,29.102,9.216,43.936,48.353,0.0,0,0.00,0.00
s3,aggregate,6,0,4714866.36,20,29.334,1.090,29.606,32.240,44.5,1397644,44.30,0.25
file,timeline,6,100,4714866.36,20,18.921,9.111,4.074,49.943,0.0,0,0.00,0.00
s3,timeline,6,100,4714866.36,20,4.659,0.550,4.486,5.221,0.0,0,0.00,0.00
file,timeline,6,1000,4714866.36,20,22.476,6.215,17.010,54.495,0.0,0,0.00,0.00
s3,timeline,6,1000,4714866.36,20,17.384,1.852,16.455,25.194,1.5,53905,1.50,0.00
file,aggregate,1,0,6866488.45,20,45.111,0.990,44.635,48.502,0.0,0,0.00,0.00
s3,aggregate,1,0,6866488.45,20,14.344,0.713,14.774,16.182,7.8,238938,7.60,0.15
file,timeline,1,100,6866488.45,20,1.329,0.215,0.994,2.114,0.0,0,0.00,0.00
s3,timeline,1,100,6866488.45,20,1.340,0.242,0.956,2.156,0.0,0,0.00,0.00
file,timeline,1,1000,6866488.45,20,7.003,5.934,2.820,44.210,0.0,0,0.00,0.00
s3,timeline,1,1000,6866488.45,20,2.778,0.317,3.062,3.898,0.0,0,0.00,0.00
file,aggregate,6,0,6866488.45,20,35.702,8.572,44.645,50.182,0.0,0,0.00,0.00
s3,aggregate,6,0,6866488.45,20,28.625,1.549,28.427,33.144,43.9,1377361,43.70,0.15
file,timeline,6,100,6866488.45,20,21.916,9.192,3.491,45.738,0.0,0,0.00,0.00
s3,timeline,6,100,6866488.45,20,2.926,0.276,3.075,3.650,0.0,0,0.00,0.00
file,timeline,6,1000,6866488.45,20,15.352,8.283,4.901,48.134,0.0,0,0.00,0.00
s3,timeline,6,1000,6866488.45,20,4.922,0.294,5.058,5.864,0.0,0,0.00,0.00
file,aggregate,1,0,10000000,20,44.653,0.585,44.431,47.334,0.0,0,0.00,0.00
s3,aggregate,1,0,10000000,20,14.839,0.516,14.772,16.786,7.1,221929,7.05,0.05
file,timeline,1,100,10000000,20,1.472,0.120,1.395,1.941,0.0,0,0.00,0.00
s3,timeline,1,100,10000000,20,1.505,0.128,1.421,2.061,0.0,0,0.00,0.00
file,timeline,1,1000,10000000,20,3.054,0.255,3.284,3.988,0.0,0,0.00,0.00
s3,timeline,1,1000,10000000,20,3.345,0.284,3.533,4.240,0.0,0,0.00,0.00
file,aggregate,6,0,10000000,20,30.961,8.839,44.117,46.786,0.0,0,0.00,0.00
s3,aggregate,6,0,10000000,20,25.952,1.660,25.559,31.119,39.0,1200985,39.05,0.00
file,timeline,6,100,10000000,20,19.617,9.264,3.344,46.625,0.0,0,0.00,0.00
s3,timeline,6,100,10000000,20,2.356,0.339,2.076,3.388,0.0,0,0.00,0.00
file,timeline,6,1000,10000000,20,15.696,8.324,5.519,48.820,0.0,0,0.00,0.00
s3,timeline,6,1000,10000000,20,5.996,0.858,5.851,8.700,0.0,0,0.00,0.00
