backend,kind,metrics,positions,span_s,n,mean_ms,ci95_ms,median_ms,p95_ms,mean_range_gets,mean_range_bytes
file,aggregate,1,0,1,20,43.307,4.307,45.172,49.251,0.0,0
s3,aggregate,1,0,1,20,14.261,0.816,13.687,17.153,4.6,78070
file,timeline,1,100,1,20,45.238,0.968,44.742,48.529,0.0,0
s3,timeline,1,100,1,20,10.569,0.605,10.690,11.805,2.0,25251
file,timeline,1,1000,1,20,44.513,0.710,43.970,47.891,0.0,0
s3,timeline,1,1000,1,20,9.864,0.567,9.914,11.354,1.9,24348
file,aggregate,6,0,1,20,27.156,9.225,42.261,48.133,0.0,0
s3,aggregate,6,0,1,20,23.655,3.170,21.125,41.007,24.6,469408
file,timeline,6,100,1,20,18.736,9.162,2.453,46.351,0.0,0
s3,timeline,6,100,1,20,13.588,0.477,13.562,15.435,12.0,151695
file,timeline,6,1000,1,20,14.361,8.525,1.841,46.212,0.0,0
s3,timeline,6,1000,1,20,13.870,1.130,13.618,17.460,12.0,153425
file,aggregate,1,0,10,20,43.095,4.207,44.256,48.424,0.0,0
s3,aggregate,1,0,10,20,16.523,0.988,16.228,19.855,6.2,136315
file,timeline,1,100,10,20,1.991,0.078,2.013,2.206,0.0,0
s3,timeline,1,100,10,20,12.658,0.960,13.010,13.626,2.0,51661
file,timeline,1,1000,10,20,2.219,0.047,2.205,2.334,0.0,0
s3,timeline,1,1000,10,20,10.693,0.207,10.885,11.271,2.0,25570
file,aggregate,6,0,10,20,14.450,8.843,1.373,46.238,0.0,0
s3,aggregate,6,0,10,20,26.946,1.998,26.856,33.784,33.6,762151
file,timeline,6,100,10,20,10.372,7.464,1.897,45.148,0.0,0
s3,timeline,6,100,10,20,15.561,1.870,15.612,21.220,12.6,323512
file,timeline,6,1000,10,20,26.225,9.333,43.308,47.765,0.0,0
s3,timeline,6,1000,10,20,16.244,1.289,16.028,19.964,12.3,153619
file,aggregate,1,0,100,20,26.295,9.522,44.000,49.826,0.0,0
s3,aggregate,1,0,100,20,21.799,0.959,22.378,24.408,8.7,170797
file,timeline,1,100,100,20,1.407,0.212,1.299,1.997,0.0,0
s3,timeline,1,100,100,20,7.951,1.150,7.790,12.116,1.4,46243
file,timeline,1,1000,100,20,4.734,4.434,2.272,3.662,0.0,0
s3,timeline,1,1000,100,20,17.454,1.320,17.516,21.551,2.9,74701
file,aggregate,6,0,100,20,21.465,9.731,1.933,49.220,0.0,0
s3,aggregate,6,0,100,20,38.360,2.942,37.991,42.340,48.0,963878
file,timeline,6,100,100,20,24.229,9.796,42.849,49.104,0.0,0
s3,timeline,6,100,100,20,14.084,1.931,13.720,22.229,9.6,318865
file,timeline,6,1000,100,20,22.760,9.615,5.157,48.941,0.0,0
s3,timeline,6,1000,100,20,22.640,1.932,21.776,31.084,17.7,464697
file,aggregate,1,0,1000,20,23.093,9.110,42.121,45.712,0.0,0
s3,aggregate,1,0,1000,20,24.997,1.592,24.018,29.260,11.1,195643
file,timeline,1,100,1000,20,1.793,0.127,1.912,2.077,0.0,0
s3,timeline,1,100,1000,20,5.439,0.479,5.764,7.456,1.0,7657
file,timeline,1,1000,1000,20,2.857,0.117,2.899,3.321,0.0,0
s3,timeline,1,1000,1000,20,14.953,0.477,15.442,15.917,2.0,67031
file,aggregate,6,0,1000,20,27.494,9.316,42.751,46.735,0.0,0
s3,aggregate,6,0,1000,20,47.613,1.983,46.936,54.796,68.1,1255426
file,timeline,6,100,1000,20,20.451,9.584,3.297,48.768,0.0,0
s3,timeline,6,100,1000,20,9.550,0.771,10.441,10.923,6.0,46155
file,timeline,6,1000,1000,20,22.392,9.377,4.640,47.744,0.0,0
s3,timeline,6,1000,1000,20,17.470,0.938,17.607,20.761,12.0,400973
