configured_metrics,cache,kind,requested_metrics,rep,latency_ms,data_range_gets,index_range_gets,range_bytes,response_rows
6,cold,raw-window,1,0,2.6477,1,1,2164,10
6,sweep,raw-window,1,0,0.011031,0,0,0,10
6,hot,raw-window,1,0,0.013606,0,0,0,10
6,cold,raw-window,1,1,2.295083,1,1,2164,10
6,sweep,raw-window,1,1,0.012243,0,0,0,10
6,hot,raw-window,1,1,0.020318,0,0,0,10
6,cold,raw-window,1,2,4.021844,1,1,2198,10
6,sweep,raw-window,1,2,0.011472,0,0,0,10
6,hot,raw-window,1,2,0.01061,0,0,0,10
6,cold,raw-window,6,0,20.086319,6,6,13231,60
6,sweep,raw-window,6,0,0.056096,0,0,0,60
6,hot,raw-window,6,0,0.041228,0,0,0,60
6,cold,raw-window,6,1,28.601078,6,6,13231,60
6,sweep,raw-window,6,1,0.097404,0,0,0,60
6,hot,raw-window,6,1,0.032491,0,0,0,60
6,cold,raw-window,6,2,21.582915,6,6,13231,60
6,sweep,raw-window,6,2,0.054423,0,0,0,60
6,hot,raw-window,6,2,0.033804,0,0,0,60
6,cold,timeline-100,1,0,4.385591,1,1,3882,127
6,sweep,timeline-100,1,0,0.053,0,0,0,127
6,hot,timeline-100,1,0,0.06877,0,0,0,127
6,cold,timeline-100,1,1,4.513292,1,1,3921,127
6,sweep,timeline-100,1,1,0.062158,0,0,0,127
6,hot,timeline-100,1,1,0.091493,0,0,0,127
6,cold,timeline-100,1,2,4.607631,1,1,3921,127
6,sweep,timeline-100,1,2,0.061647,0,0,0,127
6,hot,timeline-100,1,2,0.072206,0,0,0,127
6,cold,timeline-100,6,0,20.076871,6,6,23557,762
6,sweep,timeline-100,6,0,0.134184,0,0,0,762
6,hot,timeline-100,6,0,0.395617,0,0,0,762
6,cold,timeline-100,6,1,26.930842,6,6,23557,762
6,sweep,timeline-100,6,1,0.353036,0,0,0,762
6,hot,timeline-100,6,1,0.234413,0,0,0,762
6,cold,timeline-100,6,2,21.712519,6,6,23557,762
6,sweep,timeline-100,6,2,0.373014,0,0,0,762
6,hot,timeline-100,6,2,0.16392,0,0,0,762
6,cold,timeline-1000,1,0,3.238755,1,1,2185,127
6,sweep,timeline-1000,1,0,0.02137,0,0,0,127
6,hot,timeline-1000,1,0,0.023965,0,0,0,127
6,cold,timeline-1000,1,1,2.664542,1,1,2180,127
6,sweep,timeline-1000,1,1,0.04195,0,0,0,127
6,hot,timeline-1000,1,1,0.016551,0,0,0,127
6,cold,timeline-1000,1,2,3.029501,1,1,2198,127
6,sweep,timeline-1000,1,2,0.066645,0,0,0,127
6,hot,timeline-1000,1,2,0.020869,0,0,0,127
6,cold,timeline-1000,6,0,16.19465,6,6,13231,762
6,sweep,timeline-1000,6,0,0.047199,0,0,0,762
6,hot,timeline-1000,6,0,0.761968,0,0,0,762
6,cold,timeline-1000,6,1,16.092487,6,6,13231,762
6,sweep,timeline-1000,6,1,0.085301,0,0,0,762
6,hot,timeline-1000,6,1,0.123263,0,0,0,762
6,cold,timeline-1000,6,2,17.919066,6,6,13231,762
6,sweep,timeline-1000,6,2,0.048582,0,0,0,762
6,hot,timeline-1000,6,2,0.06906,0,0,0,762
6,cold,aggregate,1,0,4.163021,3,3,5424,1
6,sweep,aggregate,1,0,0.078678,0,0,0,1
6,hot,aggregate,1,0,0.081865,0,0,0,1
6,cold,aggregate,1,1,3.536388,3,3,5504,1
6,sweep,aggregate,1,1,0.062478,0,0,0,1
6,hot,aggregate,1,1,0.073118,0,0,0,1
6,cold,aggregate,1,2,2.978985,3,3,5459,1
6,sweep,aggregate,1,2,0.056677,0,0,0,1
6,hot,aggregate,1,2,0.044203,0,0,0,1
6,cold,aggregate,6,0,17.954333,18,18,33078,6
6,sweep,aggregate,6,0,0.201771,0,0,0,6
6,hot,aggregate,6,0,0.25432,0,0,0,6
6,cold,aggregate,6,1,18.340381,18,18,33078,6
6,sweep,aggregate,6,1,0.167086,0,0,0,6
6,hot,aggregate,6,1,0.551231,0,0,0,6
6,cold,aggregate,6,2,19.204072,18,18,33078,6
6,sweep,aggregate,6,2,0.272946,0,0,0,6
6,hot,aggregate,6,2,0.851337,0,0,0,6
150,cold,raw-window,1,0,4.060508,1,1,2163,10
150,sweep,raw-window,1,0,0.018084,0,0,0,10
150,hot,raw-window,1,0,0.033062,0,0,0,10
150,cold,raw-window,1,1,4.239445,2,1,2487,10
150,sweep,raw-window,1,1,0.070964,0,0,0,10
150,hot,raw-window,1,1,0.061917,0,0,0,10
150,cold,raw-window,1,2,5.245375,1,1,2166,10
150,sweep,raw-window,1,2,0.035497,0,0,0,10
150,hot,raw-window,1,2,0.016651,0,0,0,10
150,cold,raw-window,6,0,26.04973,6,6,13232,60
150,sweep,raw-window,6,0,0.05818,0,0,0,60
150,hot,raw-window,6,0,0.062428,0,0,0,60
150,cold,raw-window,6,1,27.874134,6,6,12967,60
150,sweep,raw-window,6,1,0.053501,0,0,0,60
150,hot,raw-window,6,1,0.067267,0,0,0,60
150,cold,raw-window,6,2,33.028337,11,6,14702,60
150,sweep,raw-window,6,2,0.097895,0,0,0,60
150,hot,raw-window,6,2,0.100249,0,0,0,60
150,cold,timeline-100,1,0,6.538537,1,1,3834,127
150,sweep,timeline-100,1,0,0.049103,0,0,0,127
150,hot,timeline-100,1,0,0.071765,0,0,0,127
150,cold,timeline-100,1,1,5.020189,1,1,3815,127
150,sweep,timeline-100,1,1,0.039375,0,0,0,127
150,hot,timeline-100,1,1,0.046779,0,0,0,127
150,cold,timeline-100,1,2,4.153412,1,1,3823,127
150,sweep,timeline-100,1,2,0.053801,0,0,0,127
150,hot,timeline-100,1,2,0.035817,0,0,0,127
150,cold,timeline-100,6,0,26.979034,6,6,22900,762
150,sweep,timeline-100,6,0,0.605393,0,0,0,762
150,hot,timeline-100,6,0,0.177004,0,0,0,762
150,cold,timeline-100,6,1,30.487949,6,6,23034,762
150,sweep,timeline-100,6,1,0.117161,0,0,0,762
150,hot,timeline-100,6,1,0.114647,0,0,0,762
150,cold,timeline-100,6,2,20.729734,6,6,22948,762
150,sweep,timeline-100,6,2,0.114076,0,0,0,762
150,hot,timeline-100,6,2,0.105299,0,0,0,762
150,cold,timeline-1000,1,0,3.537991,1,1,2148,127
150,sweep,timeline-1000,1,0,0.018204,0,0,0,127
150,hot,timeline-1000,1,0,0.017202,0,0,0,127
150,cold,timeline-1000,1,1,3.847716,1,1,2145,127
150,sweep,timeline-1000,1,1,0.023064,0,0,0,127
150,hot,timeline-1000,1,1,0.015409,0,0,0,127
150,cold,timeline-1000,1,2,3.755221,1,1,2195,127
150,sweep,timeline-1000,1,2,0.017102,0,0,0,127
150,hot,timeline-1000,1,2,0.017543,0,0,0,127
150,cold,timeline-1000,6,0,19.154309,6,6,13000,762
150,sweep,timeline-1000,6,0,0.051999,0,0,0,762
150,hot,timeline-1000,6,0,0.053,0,0,0,762
150,cold,timeline-1000,6,1,18.009417,6,6,13054,762
150,sweep,timeline-1000,6,1,0.073749,0,0,0,762
150,hot,timeline-1000,6,1,0.078729,0,0,0,762
150,cold,timeline-1000,6,2,20.365556,12,6,15005,762
150,sweep,timeline-1000,6,2,0.093206,0,0,0,762
150,hot,timeline-1000,6,2,0.253539,0,0,0,762
150,cold,aggregate,1,0,6.054092,3,3,5360,1
150,sweep,aggregate,1,0,0.062598,0,0,0,1
150,hot,aggregate,1,0,0.037681,0,0,0,1
150,cold,aggregate,1,1,3.689376,3,3,5388,1
150,sweep,aggregate,1,1,0.064963,0,0,0,1
150,hot,aggregate,1,1,0.075242,0,0,0,1
150,cold,aggregate,1,2,4.121703,3,3,5398,1
150,sweep,aggregate,1,2,0.055394,0,0,0,1
150,hot,aggregate,1,2,0.023885,0,0,0,1
150,cold,aggregate,6,0,26.114091,18,18,32364,6
150,sweep,aggregate,6,0,0.283625,0,0,0,6
150,hot,aggregate,6,0,0.201501,0,0,0,6
150,cold,aggregate,6,1,24.621452,18,18,32356,6
150,sweep,aggregate,6,1,0.26465,0,0,0,6
150,hot,aggregate,6,1,0.203634,0,0,0,6
150,cold,aggregate,6,2,26.112036,18,18,32394,6
150,sweep,aggregate,6,2,0.251705,0,0,0,6
150,hot,aggregate,6,2,0.2064,0,0,0,6
1500,cold,raw-window,1,0,6.272014,2,1,1837,10
1500,sweep,raw-window,1,0,0.017152,0,0,0,10
1500,hot,raw-window,1,0,0.018515,0,0,0,10
1500,cold,raw-window,1,1,5.792808,2,1,1818,10
1500,sweep,raw-window,1,1,0.022112,0,0,0,10
1500,hot,raw-window,1,1,0.02682,0,0,0,10
1500,cold,raw-window,1,2,6.384967,2,1,1829,10
1500,sweep,raw-window,1,2,0.027762,0,0,0,10
1500,hot,raw-window,1,2,0.042099,0,0,0,10
1500,cold,raw-window,6,0,33.126522,12,6,11016,60
1500,sweep,raw-window,6,0,0.121228,0,0,0,60
1500,hot,raw-window,6,0,0.100029,0,0,0,60
1500,cold,raw-window,6,1,30.78995,12,6,10894,60
1500,sweep,raw-window,6,1,0.068028,0,0,0,60
1500,hot,raw-window,6,1,0.078147,0,0,0,60
1500,cold,raw-window,6,2,31.821668,12,6,10898,60
1500,sweep,raw-window,6,2,0.082967,0,0,0,60
1500,hot,raw-window,6,2,0.086914,0,0,0,60
1500,cold,timeline-100,1,0,7.49358,1,1,3739,127
1500,sweep,timeline-100,1,0,0.059392,0,0,0,127
1500,hot,timeline-100,1,0,0.050295,0,0,0,127
1500,cold,timeline-100,1,1,5.441476,1,1,3804,127
1500,sweep,timeline-100,1,1,0.085261,0,0,0,127
1500,hot,timeline-100,1,1,0.046217,0,0,0,127
1500,cold,timeline-100,1,2,5.45513,1,1,3821,127
1500,sweep,timeline-100,1,2,0.066486,0,0,0,127
1500,hot,timeline-100,1,2,0.052279,0,0,0,127
1500,cold,timeline-100,6,0,39.712498,6,6,21917,762
1500,sweep,timeline-100,6,0,0.30204,0,0,0,762
1500,hot,timeline-100,6,0,0.273386,0,0,0,762
1500,cold,timeline-100,6,1,38.002439,6,6,21653,762
1500,sweep,timeline-100,6,1,0.208224,0,0,0,762
1500,hot,timeline-100,6,1,0.268907,0,0,0,762
1500,cold,timeline-100,6,2,39.161708,6,6,22395,762
1500,sweep,timeline-100,6,2,0.270291,0,0,0,762
1500,hot,timeline-100,6,2,0.211509,0,0,0,762
1500,cold,timeline-1000,1,0,9.263072,8,1,4368,127
1500,sweep,timeline-1000,1,0,0.032662,0,0,0,127
1500,hot,timeline-1000,1,0,0.027752,0,0,0,127
1500,cold,timeline-1000,1,1,8.904564,8,1,4382,127
1500,sweep,timeline-1000,1,1,0.048672,0,0,0,127
1500,hot,timeline-1000,1,1,0.039805,0,0,0,127
1500,cold,timeline-1000,1,2,9.12993,8,1,4385,127
1500,sweep,timeline-1000,1,2,0.048442,0,0,0,127
1500,hot,timeline-1000,1,2,0.051267,0,0,0,127
1500,cold,timeline-1000,6,0,50.871319,48,6,26340,762
1500,sweep,timeline-1000,6,0,0.207532,0,0,0,762
1500,hot,timeline-1000,6,0,0.19609,0,0,0,762
1500,cold,timeline-1000,6,1,43.969537,48,6,25857,762
1500,sweep,timeline-1000,6,1,0.158159,0,0,0,762
1500,hot,timeline-1000,6,1,0.172556,0,0,0,762
1500,cold,timeline-1000,6,2,43.740415,48,6,26436,762
1500,sweep,timeline-1000,6,2,0.183958,0,0,0,762
1500,hot,timeline-1000,6,2,0.128904,0,0,0,762
1500,cold,aggregate,1,0,7.468813,3,3,5357,1
1500,sweep,aggregate,1,0,0.057418,0,0,0,1
1500,hot,aggregate,1,0,0.105941,0,0,0,1
1500,cold,aggregate,1,1,6.782928,3,3,5202,1
1500,sweep,aggregate,1,1,0.114636,0,0,0,1
1500,hot,aggregate,1,1,0.099958,0,0,0,1
1500,cold,aggregate,1,2,5.83601,3,3,5400,1
1500,sweep,aggregate,1,2,0.102524,0,0,0,1
1500,hot,aggregate,1,2,0.062969,0,0,0,1
1500,cold,aggregate,6,0,36.583741,18,18,30944,6
1500,sweep,aggregate,6,0,0.30173,0,0,0,6
1500,hot,aggregate,6,0,0.155453,0,0,0,6
1500,cold,aggregate,6,1,32.926024,18,18,30909,6
1500,sweep,aggregate,6,1,0.264941,0,0,0,6
1500,hot,aggregate,6,1,0.162297,0,0,0,6
1500,cold,aggregate,6,2,35.506236,18,18,30965,6
1500,sweep,aggregate,6,2,0.259851,0,0,0,6
1500,hot,aggregate,6,2,0.345162,0,0,0,6
