mode,prefetch,metrics,points_per_metric,chunk,seconds,points_per_s,wal_syncs,chunks_per_sync,mean_sync_ms,flushes,mean_flush_ms
batch,16,6,1000000,500,19.333,310345.8,1381,8.69,3.989,86,221.9
batch,50,6,1000000,500,12.878,465905.6,477,25.16,4.734,51,247.9
batch,200,6,1000000,500,13.129,456990.5,132,90.91,6.490,46,257.0
batch,400,6,1000000,500,14.492,414025.4,77,155.84,8.858,45,282.0
batch,1000,6,1000000,500,14.954,401238.6,47,255.32,11.602,36,302.4
batch,2000,6,1000000,500,15.057,398488.8,44,272.73,12.558,39,326.0
batch,5000,6,1000000,500,14.510,413504.1,41,292.68,11.007,36,318.2
single,16,6,1000000,500,67.992,88245.8,12000,1.00,3.708,284,188.8
single,50,6,1000000,500,67.792,88505.8,12000,1.00,3.693,284,189.1
single,200,6,1000000,500,67.614,88738.4,12000,1.00,3.689,284,187.7
single,400,6,1000000,500,67.192,89296.8,12000,1.00,3.692,284,185.2
single,1000,6,1000000,500,66.725,89920.9,12000,1.00,3.688,284,184.8
single,2000,6,1000000,500,67.027,89516.5,12000,1.00,3.706,284,185.5
single,5000,6,1000000,500,66.254,90560.5,12000,1.00,3.711,284,183.6
