t,queue,samples
1791392964.672496840,603689,
1791392966.979759204,603689,0
1791392969.038409764,608740,0
1791392971.102479359,608740,0
1791392973.151637368,613793,0
1791392975.217155911,613793,0
1791392977.305700322,613793,40683
1791392979.384141431,588265,88945
1791392981.458521206,588265,140266
1791392983.527863730,481532,198557
1791392985.573243601,481532,254970
1791392987.647993550,481532,308948
1791392989.713499379,361238,368317
1791392991.777111211,361238,424995
1791392993.851285071,240253,480668
1791392995.905466255,240253,537314
1791392997.977820151,240253,596042
1791393000.062838994,118523,651959
1791393002.111767025,118523,702529
1791393004.160021909,73,704729
1791393004.182295468,73,704739
1791393006.251207228,73,706949
1791393008.320502878,78,709161
1791393010.394525873,78,711361
1791393012.457220374,78,713571
1791393014.506023397,84,715771
1791393016.568553369,84,717981
1791393018.640701862,66,720193
1791393020.708803758,66,722393
1791393022.771256299,66,724603
1791393024.836155315,62,726803
1791393026.887381188,62,729013
1791393028.959960295,89,731262
1791393031.024805382,89,734425
1791393033.086704476,89,736635
