type,metrics,series,span_s,mean_ms,ci_low_ms,ci_high_ms
timeline,1,end_to_end,0.9997,2.92,2.80,3.08
timeline,1,end_to_end,1.333,3.19,3.10,3.30
timeline,1,end_to_end,1.778,3.20,3.10,3.31
timeline,1,end_to_end,2.371,3.34,3.22,3.47
timeline,1,end_to_end,3.161,3.58,3.44,3.73
timeline,1,end_to_end,4.216,3.86,3.73,4.02
timeline,1,end_to_end,5.622,4.28,4.17,4.39
timeline,1,end_to_end,7.497,4.63,4.48,4.80
timeline,1,end_to_end,9.998,5.28,5.13,5.45
timeline,1,end_to_end,13.33,5.88,5.70,6.09
timeline,1,end_to_end,17.78,6.94,6.80,7.08
timeline,1,end_to_end,23.71,8.20,8.02,8.42
timeline,1,end_to_end,31.62,2.22,2.16,2.29
timeline,1,end_to_end,42.16,2.38,2.32,2.45
timeline,1,end_to_end,56.23,2.64,2.53,2.76
timeline,1,end_to_end,74.98,2.83,2.75,2.92
timeline,1,end_to_end,99.99,2.94,2.86,3.03
timeline,1,end_to_end,133.3,3.25,3.14,3.38
timeline,1,end_to_end,177.8,3.90,3.78,4.00
timeline,1,end_to_end,237.1,4.46,4.33,4.58
timeline,1,end_to_end,316.2,2.31,2.21,2.41
timeline,1,end_to_end,421.7,2.37,2.24,2.54
timeline,1,end_to_end,562.3,2.55,2.45,2.66
timeline,1,end_to_end,749.9,2.81,2.68,2.96
timeline,1,end_to_end,1000,3.02,2.93,3.10
timeline,1,end_to_end,1334,3.16,3.03,3.31
timeline,1,end_to_end,1778,3.69,3.55,3.84
timeline,1,end_to_end,2371,4.49,4.37,4.62
timeline,1,end_to_end,3162,2.04,1.95,2.13
timeline,1,end_to_end,4217,2.20,2.09,2.32
timeline,1,end_to_end,5624,2.30,2.16,2.45
timeline,1,end_to_end,7500,2.49,2.36,2.62
timeline,1,end_to_end,1e+04,2.76,2.64,2.90
timeline,1,end_to_end,1.334e+04,2.88,2.76,3.00
timeline,1,end_to_end,1.778e+04,3.38,3.23,3.55
timeline,1,end_to_end,2.372e+04,3.98,3.80,4.18
timeline,1,end_to_end,3.163e+04,1.88,1.80,1.95
timeline,1,end_to_end,4.218e+04,1.90,1.85,1.97
timeline,1,end_to_end,5.624e+04,2.04,1.99,2.09
timeline,1,end_to_end,7.5e+04,2.20,2.13,2.28
timeline,1,end_to_end,1e+05,2.29,2.21,2.37
timeline,1,end_to_end,1.334e+05,2.51,2.44,2.58
timeline,1,end_to_end,1.779e+05,3.08,3.01,3.15
timeline,1,end_to_end,2.372e+05,3.41,3.33,3.50
timeline,1,end_to_end,3.163e+05,1.84,1.78,1.90
timeline,1,end_to_end,4.218e+05,1.97,1.89,2.07
timeline,1,end_to_end,5.625e+05,1.98,1.93,2.02
timeline,1,end_to_end,7.501e+05,2.18,2.11,2.25
timeline,1,end_to_end,1e+06,2.33,2.26,2.42
timeline,1,end_to_end,1.334e+06,2.69,2.62,2.76
timeline,1,end_to_end,1.779e+06,3.06,2.98,3.15
timeline,1,end_to_end,2.372e+06,3.45,3.37,3.52
timeline,1,end_to_end,3.163e+06,1.80,1.75,1.85
timeline,1,end_to_end,4.219e+06,1.94,1.86,2.01
timeline,1,end_to_end,5.626e+06,2.05,2.00,2.12
timeline,1,end_to_end,7.502e+06,2.12,2.07,2.19
timeline,1,end_to_end,1e+07,2.36,2.27,2.47
timeline,1,server_request,0.9997,1.14,1.07,1.20
timeline,1,server_request,1.333,1.29,1.21,1.37
timeline,1,server_request,1.778,1.31,1.20,1.41
timeline,1,server_request,2.371,1.35,1.23,1.46
timeline,1,server_request,3.161,1.48,1.38,1.58
timeline,1,server_request,4.216,1.65,1.54,1.76
timeline,1,server_request,5.622,1.67,1.59,1.76
timeline,1,server_request,7.497,1.93,1.79,2.06
timeline,1,server_request,9.998,2.00,1.90,2.11
timeline,1,server_request,13.33,2.22,2.08,2.33
timeline,1,server_request,17.78,2.71,2.63,2.78
timeline,1,server_request,23.71,3.09,2.97,3.22
timeline,1,server_request,31.62,0.45,0.42,0.49
timeline,1,server_request,42.16,0.51,0.47,0.55
timeline,1,server_request,56.23,0.65,0.58,0.72
timeline,1,server_request,74.98,0.82,0.75,0.88
timeline,1,server_request,99.99,0.83,0.77,0.90
timeline,1,server_request,133.3,0.98,0.91,1.06
timeline,1,server_request,177.8,1.30,1.21,1.38
timeline,1,server_request,237.1,1.59,1.49,1.71
timeline,1,server_request,316.2,0.46,0.39,0.53
timeline,1,server_request,421.7,0.54,0.46,0.64
timeline,1,server_request,562.3,0.62,0.55,0.68
timeline,1,server_request,749.9,0.79,0.66,0.92
timeline,1,server_request,1000,0.89,0.84,0.94
timeline,1,server_request,1334,0.92,0.84,1.04
timeline,1,server_request,1778,1.14,1.02,1.26
timeline,1,server_request,2371,1.58,1.48,1.69
timeline,1,server_request,3162,0.28,0.21,0.33
timeline,1,server_request,4217,0.40,0.32,0.48
timeline,1,server_request,5624,0.45,0.36,0.55
timeline,1,server_request,7500,0.51,0.42,0.60
timeline,1,server_request,1e+04,0.67,0.57,0.77
timeline,1,server_request,1.334e+04,0.65,0.58,0.73
timeline,1,server_request,1.778e+04,0.80,0.68,0.93
timeline,1,server_request,2.372e+04,1.19,1.01,1.38
timeline,1,server_request,3.163e+04,0.17,0.15,0.19
timeline,1,server_request,4.218e+04,0.16,0.15,0.18
timeline,1,server_request,5.624e+04,0.25,0.22,0.29
timeline,1,server_request,7.5e+04,0.27,0.24,0.31
timeline,1,server_request,1e+05,0.29,0.27,0.33
timeline,1,server_request,1.334e+05,0.39,0.36,0.44
timeline,1,server_request,1.779e+05,0.57,0.52,0.62
timeline,1,server_request,2.372e+05,0.60,0.58,0.62
timeline,1,server_request,3.163e+05,0.16,0.15,0.18
timeline,1,server_request,4.218e+05,0.22,0.19,0.24
timeline,1,server_request,5.625e+05,0.20,0.18,0.22
timeline,1,server_request,7.501e+05,0.28,0.25,0.33
timeline,1,server_request,1e+06,0.34,0.31,0.39
timeline,1,server_request,1.334e+06,0.37,0.35,0.39
timeline,1,server_request,1.779e+06,0.52,0.49,0.55
timeline,1,server_request,2.372e+06,0.67,0.63,0.70
timeline,1,server_request,3.163e+06,0.13,0.13,0.14
timeline,1,server_request,4.219e+06,0.22,0.19,0.25
timeline,1,server_request,5.626e+06,0.27,0.24,0.30
timeline,1,server_request,7.502e+06,0.23,0.22,0.26
timeline,1,server_request,1e+07,0.33,0.29,0.37
timeline,1,hta_worker,0.9997,1.05,1.00,1.11
timeline,1,hta_worker,1.333,1.21,1.13,1.29
timeline,1,hta_worker,1.778,1.22,1.12,1.33
timeline,1,hta_worker,2.371,1.25,1.14,1.36
timeline,1,hta_worker,3.161,1.41,1.31,1.50
timeline,1,hta_worker,4.216,1.56,1.44,1.68
timeline,1,hta_worker,5.622,1.58,1.49,1.67
timeline,1,hta_worker,7.497,1.84,1.71,1.98
timeline,1,hta_worker,9.998,1.90,1.80,2.00
timeline,1,hta_worker,13.33,2.08,1.95,2.22
timeline,1,hta_worker,17.78,2.58,2.51,2.65
timeline,1,hta_worker,23.71,2.94,2.82,3.06
timeline,1,hta_worker,31.62,0.39,0.36,0.42
timeline,1,hta_worker,42.16,0.44,0.41,0.48
timeline,1,hta_worker,56.23,0.58,0.51,0.64
timeline,1,hta_worker,74.98,0.72,0.66,0.79
timeline,1,hta_worker,99.99,0.76,0.71,0.83
timeline,1,hta_worker,133.3,0.90,0.83,0.99
timeline,1,hta_worker,177.8,1.19,1.10,1.28
timeline,1,hta_worker,237.1,1.50,1.40,1.62
timeline,1,hta_worker,316.2,0.38,0.32,0.45
timeline,1,hta_worker,421.7,0.46,0.39,0.56
timeline,1,hta_worker,562.3,0.55,0.49,0.60
timeline,1,hta_worker,749.9,0.71,0.59,0.85
timeline,1,hta_worker,1000,0.80,0.75,0.85
timeline,1,hta_worker,1334,0.85,0.76,0.96
timeline,1,hta_worker,1778,1.04,0.93,1.16
timeline,1,hta_worker,2371,1.48,1.38,1.58
timeline,1,hta_worker,3162,0.22,0.17,0.27
timeline,1,hta_worker,4217,0.33,0.25,0.40
timeline,1,hta_worker,5624,0.37,0.29,0.46
timeline,1,hta_worker,7500,0.44,0.36,0.53
timeline,1,hta_worker,1e+04,0.59,0.49,0.69
timeline,1,hta_worker,1.334e+04,0.57,0.49,0.64
timeline,1,hta_worker,1.778e+04,0.72,0.60,0.86
timeline,1,hta_worker,2.372e+04,1.09,0.92,1.28
timeline,1,hta_worker,3.163e+04,0.11,0.10,0.13
timeline,1,hta_worker,4.218e+04,0.11,0.10,0.13
timeline,1,hta_worker,5.624e+04,0.18,0.16,0.21
timeline,1,hta_worker,7.5e+04,0.21,0.18,0.25
timeline,1,hta_worker,1e+05,0.24,0.21,0.27
timeline,1,hta_worker,1.334e+05,0.32,0.29,0.36
timeline,1,hta_worker,1.779e+05,0.44,0.40,0.48
timeline,1,hta_worker,2.372e+05,0.52,0.49,0.54
timeline,1,hta_worker,3.163e+05,0.11,0.09,0.12
timeline,1,hta_worker,4.218e+05,0.15,0.13,0.18
timeline,1,hta_worker,5.625e+05,0.15,0.13,0.16
timeline,1,hta_worker,7.501e+05,0.22,0.19,0.25
timeline,1,hta_worker,1e+06,0.27,0.24,0.31
timeline,1,hta_worker,1.334e+06,0.30,0.29,0.32
timeline,1,hta_worker,1.779e+06,0.42,0.40,0.45
timeline,1,hta_worker,2.372e+06,0.53,0.50,0.57
timeline,1,hta_worker,3.163e+06,0.08,0.08,0.09
timeline,1,hta_worker,4.219e+06,0.15,0.13,0.17
timeline,1,hta_worker,5.626e+06,0.20,0.17,0.22
timeline,1,hta_worker,7.502e+06,0.18,0.17,0.20
timeline,1,hta_worker,1e+07,0.25,0.22,0.29
timeline,6,end_to_end,1,7.27,7.19,7.35
timeline,6,end_to_end,1.334,7.51,7.36,7.76
timeline,6,end_to_end,1.779,7.75,7.65,7.85
timeline,6,end_to_end,2.372,8.12,8.01,8.24
timeline,6,end_to_end,3.163,8.60,8.49,8.70
timeline,6,end_to_end,4.218,9.25,9.14,9.37
timeline,6,end_to_end,5.624,10.95,10.78,11.12
timeline,6,end_to_end,7.5,12.15,11.97,12.36
timeline,6,end_to_end,10,15.48,15.27,15.71
timeline,6,end_to_end,13.34,17.89,17.49,18.33
timeline,6,end_to_end,17.79,22.55,22.20,22.91
timeline,6,end_to_end,23.72,28.10,27.59,28.56
timeline,6,end_to_end,31.63,7.21,7.13,7.30
timeline,6,end_to_end,42.18,7.50,7.32,7.69
timeline,6,end_to_end,56.25,7.73,7.59,7.86
timeline,6,end_to_end,75.01,8.23,8.09,8.37
timeline,6,end_to_end,100,8.59,8.50,8.69
timeline,6,end_to_end,133.4,9.39,9.19,9.62
timeline,6,end_to_end,177.9,11.12,10.91,11.35
timeline,6,end_to_end,237.2,12.32,12.10,12.56
timeline,6,end_to_end,316.3,7.24,7.15,7.34
timeline,6,end_to_end,421.9,7.35,7.25,7.47
timeline,6,end_to_end,562.6,7.68,7.54,7.86
timeline,6,end_to_end,750.2,8.07,8.00,8.15
timeline,6,end_to_end,1000,8.65,8.51,8.78
timeline,6,end_to_end,1334,9.49,9.22,9.89
timeline,6,end_to_end,1779,11.25,10.86,11.83
timeline,6,end_to_end,2372,12.94,12.44,13.60
timeline,6,end_to_end,3164,7.38,7.10,7.84
timeline,6,end_to_end,4219,7.42,7.32,7.52
timeline,6,end_to_end,5626,7.70,7.58,7.82
timeline,6,end_to_end,7503,8.10,8.00,8.20
timeline,6,end_to_end,1.001e+04,8.60,8.48,8.72
timeline,6,end_to_end,1.334e+04,9.37,9.25,9.49
timeline,6,end_to_end,1.779e+04,10.99,10.85,11.12
timeline,6,end_to_end,2.373e+04,12.40,12.20,12.65
timeline,6,end_to_end,3.164e+04,7.18,7.09,7.28
timeline,6,end_to_end,4.22e+04,7.30,7.19,7.43
timeline,6,end_to_end,5.627e+04,7.65,7.53,7.79
timeline,6,end_to_end,7.504e+04,8.04,7.94,8.14
timeline,6,end_to_end,1.001e+05,8.59,8.45,8.73
timeline,6,end_to_end,1.334e+05,9.22,9.11,9.36
timeline,6,end_to_end,1.779e+05,10.82,10.67,10.95
timeline,6,end_to_end,2.373e+05,12.08,11.95,12.22
timeline,6,end_to_end,3.164e+05,7.14,7.06,7.24
timeline,6,end_to_end,4.22e+05,7.32,7.23,7.43
timeline,6,end_to_end,5.627e+05,7.63,7.52,7.73
timeline,6,end_to_end,7.504e+05,8.05,7.95,8.15
timeline,6,end_to_end,1.001e+06,8.57,8.48,8.66
timeline,6,end_to_end,1.335e+06,9.99,9.86,10.14
timeline,6,end_to_end,1.78e+06,10.93,10.77,11.08
timeline,6,end_to_end,2.373e+06,12.14,12.00,12.31
timeline,6,end_to_end,3.165e+06,7.15,7.05,7.26
timeline,6,end_to_end,4.22e+06,7.36,7.27,7.45
timeline,6,end_to_end,5.628e+06,7.60,7.52,7.69
timeline,6,end_to_end,7.505e+06,8.04,7.94,8.14
timeline,6,end_to_end,1.001e+07,8.56,8.44,8.69
timeline,6,server_request,1,1.31,1.24,1.38
timeline,6,server_request,1.334,1.28,1.22,1.35
timeline,6,server_request,1.779,1.44,1.37,1.52
timeline,6,server_request,2.372,1.65,1.55,1.76
timeline,6,server_request,3.163,1.62,1.54,1.70
timeline,6,server_request,4.218,1.75,1.67,1.83
timeline,6,server_request,5.624,1.99,1.88,2.10
timeline,6,server_request,7.5,1.97,1.87,2.07
timeline,6,server_request,10,2.27,2.17,2.37
timeline,6,server_request,13.34,2.52,2.42,2.65
timeline,6,server_request,17.79,2.96,2.87,3.06
timeline,6,server_request,23.72,3.59,3.49,3.69
timeline,6,server_request,31.63,0.59,0.56,0.62
timeline,6,server_request,42.18,0.61,0.57,0.64
timeline,6,server_request,56.25,0.68,0.65,0.72
timeline,6,server_request,75.01,0.93,0.87,1.01
timeline,6,server_request,100,0.97,0.93,1.01
timeline,6,server_request,133.4,1.07,1.01,1.14
timeline,6,server_request,177.9,1.54,1.46,1.64
timeline,6,server_request,237.2,1.67,1.61,1.74
timeline,6,server_request,316.3,0.57,0.53,0.60
timeline,6,server_request,421.9,0.57,0.52,0.62
timeline,6,server_request,562.6,0.68,0.61,0.74
timeline,6,server_request,750.2,0.87,0.82,0.94
timeline,6,server_request,1000,0.98,0.90,1.09
timeline,6,server_request,1334,0.96,0.87,1.05
timeline,6,server_request,1779,1.46,1.37,1.56
timeline,6,server_request,2372,1.77,1.67,1.88
timeline,6,server_request,3164,0.40,0.31,0.49
timeline,6,server_request,4219,0.47,0.39,0.55
timeline,6,server_request,5626,0.48,0.40,0.57
timeline,6,server_request,7503,0.69,0.58,0.79
timeline,6,server_request,1.001e+04,0.72,0.58,0.87
timeline,6,server_request,1.334e+04,0.91,0.81,1.02
timeline,6,server_request,1.779e+04,1.03,0.88,1.20
timeline,6,server_request,2.373e+04,1.25,1.11,1.39
timeline,6,server_request,3.164e+04,0.19,0.17,0.21
timeline,6,server_request,4.22e+04,0.20,0.19,0.22
timeline,6,server_request,5.627e+04,0.25,0.23,0.28
timeline,6,server_request,7.504e+04,0.31,0.28,0.35
timeline,6,server_request,1.001e+05,0.35,0.32,0.38
timeline,6,server_request,1.334e+05,0.46,0.41,0.51
timeline,6,server_request,1.779e+05,0.54,0.51,0.57
timeline,6,server_request,2.373e+05,0.70,0.67,0.73
timeline,6,server_request,3.164e+05,0.18,0.17,0.20
timeline,6,server_request,4.22e+05,0.22,0.20,0.25
timeline,6,server_request,5.627e+05,0.26,0.23,0.29
timeline,6,server_request,7.504e+05,0.32,0.29,0.35
timeline,6,server_request,1.001e+06,0.38,0.34,0.42
timeline,6,server_request,1.335e+06,0.47,0.43,0.52
timeline,6,server_request,1.78e+06,0.54,0.51,0.58
timeline,6,server_request,2.373e+06,0.71,0.68,0.73
timeline,6,server_request,3.165e+06,0.20,0.18,0.22
timeline,6,server_request,4.22e+06,0.21,0.19,0.24
timeline,6,server_request,5.628e+06,0.26,0.23,0.29
timeline,6,server_request,7.505e+06,0.30,0.28,0.33
timeline,6,server_request,1.001e+07,0.37,0.34,0.41
timeline,6,hta_worker,1,1.26,1.19,1.33
timeline,6,hta_worker,1.334,1.23,1.16,1.30
timeline,6,hta_worker,1.779,1.40,1.32,1.48
timeline,6,hta_worker,2.372,1.60,1.50,1.69
timeline,6,hta_worker,3.163,1.56,1.47,1.64
timeline,6,hta_worker,4.218,1.69,1.61,1.77
timeline,6,hta_worker,5.624,1.92,1.81,2.03
timeline,6,hta_worker,7.5,1.88,1.78,1.99
timeline,6,hta_worker,10,2.17,2.06,2.28
timeline,6,hta_worker,13.34,2.39,2.30,2.50
timeline,6,hta_worker,17.79,2.80,2.71,2.90
timeline,6,hta_worker,23.72,3.37,3.25,3.49
timeline,6,hta_worker,31.63,0.53,0.50,0.56
timeline,6,hta_worker,42.18,0.55,0.51,0.58
timeline,6,hta_worker,56.25,0.63,0.60,0.66
timeline,6,hta_worker,75.01,0.88,0.81,0.95
timeline,6,hta_worker,100,0.91,0.88,0.95
timeline,6,hta_worker,133.4,1.01,0.95,1.08
timeline,6,hta_worker,177.9,1.45,1.37,1.55
timeline,6,hta_worker,237.2,1.59,1.52,1.65
timeline,6,hta_worker,316.3,0.51,0.48,0.54
timeline,6,hta_worker,421.9,0.52,0.46,0.57
timeline,6,hta_worker,562.6,0.62,0.55,0.68
timeline,6,hta_worker,750.2,0.81,0.76,0.87
timeline,6,hta_worker,1000,0.91,0.83,1.02
timeline,6,hta_worker,1334,0.89,0.80,0.99
timeline,6,hta_worker,1779,1.39,1.30,1.49
timeline,6,hta_worker,2372,1.66,1.56,1.77
timeline,6,hta_worker,3164,0.34,0.25,0.43
timeline,6,hta_worker,4219,0.42,0.35,0.50
timeline,6,hta_worker,5626,0.42,0.33,0.51
timeline,6,hta_worker,7503,0.64,0.52,0.75
timeline,6,hta_worker,1.001e+04,0.66,0.53,0.80
timeline,6,hta_worker,1.334e+04,0.85,0.76,0.95
timeline,6,hta_worker,1.779e+04,0.96,0.81,1.13
timeline,6,hta_worker,2.373e+04,1.16,1.03,1.31
timeline,6,hta_worker,3.164e+04,0.13,0.12,0.15
timeline,6,hta_worker,4.22e+04,0.15,0.13,0.16
timeline,6,hta_worker,5.627e+04,0.19,0.17,0.21
timeline,6,hta_worker,7.504e+04,0.26,0.22,0.29
timeline,6,hta_worker,1.001e+05,0.29,0.27,0.32
timeline,6,hta_worker,1.334e+05,0.39,0.35,0.43
timeline,6,hta_worker,1.779e+05,0.47,0.45,0.50
timeline,6,hta_worker,2.373e+05,0.60,0.57,0.63
timeline,6,hta_worker,3.164e+05,0.13,0.11,0.14
timeline,6,hta_worker,4.22e+05,0.16,0.14,0.18
timeline,6,hta_worker,5.627e+05,0.20,0.18,0.23
timeline,6,hta_worker,7.504e+05,0.25,0.22,0.28
timeline,6,hta_worker,1.001e+06,0.31,0.28,0.36
timeline,6,hta_worker,1.335e+06,0.41,0.37,0.44
timeline,6,hta_worker,1.78e+06,0.47,0.44,0.51
timeline,6,hta_worker,2.373e+06,0.60,0.57,0.62
timeline,6,hta_worker,3.165e+06,0.14,0.12,0.15
timeline,6,hta_worker,4.22e+06,0.15,0.14,0.17
timeline,6,hta_worker,5.628e+06,0.20,0.17,0.23
timeline,6,hta_worker,7.505e+06,0.24,0.22,0.26
timeline,6,hta_worker,1.001e+07,0.31,0.27,0.34
aggregate,1,end_to_end,0.9997,2.96,2.85,3.08
aggregate,1,end_to_end,1.333,2.92,2.78,3.08
aggregate,1,end_to_end,1.778,2.91,2.75,3.06
aggregate,1,end_to_end,2.371,2.99,2.87,3.09
aggregate,1,end_to_end,3.161,2.97,2.87,3.06
aggregate,1,end_to_end,4.216,2.92,2.79,3.04
aggregate,1,end_to_end,5.622,3.07,2.93,3.20
aggregate,1,end_to_end,7.497,3.06,2.94,3.20
aggregate,1,end_to_end,9.998,2.98,2.85,3.09
aggregate,1,end_to_end,13.33,3.13,2.97,3.29
aggregate,1,end_to_end,17.78,3.09,2.91,3.27
aggregate,1,end_to_end,23.71,3.03,2.89,3.19
aggregate,1,end_to_end,31.62,3.19,3.07,3.31
aggregate,1,end_to_end,42.16,3.23,3.10,3.40
aggregate,1,end_to_end,56.23,3.23,3.07,3.38
aggregate,1,end_to_end,74.98,3.23,3.06,3.39
aggregate,1,end_to_end,99.99,3.16,3.05,3.28
aggregate,1,end_to_end,133.3,3.23,3.12,3.38
aggregate,1,end_to_end,177.8,3.26,3.12,3.40
aggregate,1,end_to_end,237.1,3.26,3.15,3.39
aggregate,1,end_to_end,316.2,3.29,3.19,3.40
aggregate,1,end_to_end,421.7,3.21,3.09,3.34
aggregate,1,end_to_end,562.3,3.22,3.08,3.34
aggregate,1,end_to_end,749.9,3.25,3.13,3.36
aggregate,1,end_to_end,1000,3.49,3.32,3.67
aggregate,1,end_to_end,1334,3.37,3.22,3.50
aggregate,1,end_to_end,1778,3.35,3.20,3.51
aggregate,1,end_to_end,2371,3.27,3.11,3.42
aggregate,1,end_to_end,3162,3.37,3.27,3.49
aggregate,1,end_to_end,4217,3.21,3.08,3.33
aggregate,1,end_to_end,5624,3.20,3.11,3.30
aggregate,1,end_to_end,7500,3.27,3.12,3.44
aggregate,1,end_to_end,1e+04,3.27,3.12,3.41
aggregate,1,end_to_end,1.334e+04,3.30,3.11,3.49
aggregate,1,end_to_end,1.778e+04,3.25,3.11,3.39
aggregate,1,end_to_end,2.372e+04,3.35,3.17,3.54
aggregate,1,end_to_end,3.163e+04,3.48,3.28,3.67
aggregate,1,end_to_end,4.218e+04,3.41,3.26,3.54
aggregate,1,end_to_end,5.624e+04,3.49,3.29,3.74
aggregate,1,end_to_end,7.5e+04,3.24,3.14,3.36
aggregate,1,end_to_end,1e+05,3.47,3.28,3.68
aggregate,1,end_to_end,1.334e+05,3.35,3.21,3.49
aggregate,1,end_to_end,1.779e+05,3.28,3.14,3.44
aggregate,1,end_to_end,2.372e+05,3.38,3.20,3.58
aggregate,1,end_to_end,3.163e+05,3.28,3.14,3.44
aggregate,1,end_to_end,4.218e+05,3.41,3.23,3.61
aggregate,1,end_to_end,5.625e+05,3.37,3.25,3.52
aggregate,1,end_to_end,7.501e+05,3.27,3.17,3.37
aggregate,1,end_to_end,1e+06,3.41,3.23,3.59
aggregate,1,end_to_end,1.334e+06,3.25,3.11,3.40
aggregate,1,end_to_end,1.779e+06,3.34,3.21,3.47
aggregate,1,end_to_end,2.372e+06,3.26,3.15,3.37
aggregate,1,end_to_end,3.163e+06,3.29,3.17,3.42
aggregate,1,end_to_end,4.219e+06,3.34,3.21,3.46
aggregate,1,end_to_end,5.626e+06,3.31,3.17,3.45
aggregate,1,end_to_end,7.502e+06,3.28,3.15,3.43
aggregate,1,end_to_end,1e+07,3.43,3.29,3.57
aggregate,1,server_request,0.9997,1.31,1.21,1.42
aggregate,1,server_request,1.333,1.31,1.18,1.43
aggregate,1,server_request,1.778,1.25,1.14,1.36
aggregate,1,server_request,2.371,1.37,1.27,1.48
aggregate,1,server_request,3.161,1.33,1.27,1.40
aggregate,1,server_request,4.216,1.32,1.21,1.44
aggregate,1,server_request,5.622,1.46,1.33,1.59
aggregate,1,server_request,7.497,1.41,1.30,1.52
aggregate,1,server_request,9.998,1.37,1.27,1.46
aggregate,1,server_request,13.33,1.48,1.37,1.60
aggregate,1,server_request,17.78,1.42,1.27,1.58
aggregate,1,server_request,23.71,1.44,1.32,1.57
aggregate,1,server_request,31.62,1.54,1.44,1.66
aggregate,1,server_request,42.16,1.54,1.44,1.67
aggregate,1,server_request,56.23,1.65,1.52,1.79
aggregate,1,server_request,74.98,1.66,1.50,1.80
aggregate,1,server_request,99.99,1.54,1.44,1.66
aggregate,1,server_request,133.3,1.59,1.50,1.70
aggregate,1,server_request,177.8,1.61,1.50,1.72
aggregate,1,server_request,237.1,1.61,1.48,1.73
aggregate,1,server_request,316.2,1.66,1.58,1.73
aggregate,1,server_request,421.7,1.55,1.43,1.64
aggregate,1,server_request,562.3,1.60,1.51,1.69
aggregate,1,server_request,749.9,1.63,1.53,1.72
aggregate,1,server_request,1000,1.82,1.65,1.99
aggregate,1,server_request,1334,1.73,1.57,1.89
aggregate,1,server_request,1778,1.64,1.50,1.77
aggregate,1,server_request,2371,1.62,1.49,1.76
aggregate,1,server_request,3162,1.68,1.59,1.79
aggregate,1,server_request,4217,1.57,1.46,1.68
aggregate,1,server_request,5624,1.57,1.46,1.70
aggregate,1,server_request,7500,1.57,1.44,1.71
aggregate,1,server_request,1e+04,1.64,1.52,1.75
aggregate,1,server_request,1.334e+04,1.65,1.50,1.81
aggregate,1,server_request,1.778e+04,1.61,1.48,1.73
aggregate,1,server_request,2.372e+04,1.67,1.52,1.83
aggregate,1,server_request,3.163e+04,1.78,1.58,1.99
aggregate,1,server_request,4.218e+04,1.74,1.64,1.87
aggregate,1,server_request,5.624e+04,1.83,1.66,2.02
aggregate,1,server_request,7.5e+04,1.60,1.50,1.70
aggregate,1,server_request,1e+05,1.84,1.66,2.02
aggregate,1,server_request,1.334e+05,1.71,1.57,1.84
aggregate,1,server_request,1.779e+05,1.66,1.52,1.82
aggregate,1,server_request,2.372e+05,1.74,1.58,1.91
aggregate,1,server_request,3.163e+05,1.68,1.55,1.81
aggregate,1,server_request,4.218e+05,1.81,1.66,2.00
aggregate,1,server_request,5.625e+05,1.76,1.66,1.88
aggregate,1,server_request,7.501e+05,1.64,1.55,1.74
aggregate,1,server_request,1e+06,1.77,1.62,1.93
aggregate,1,server_request,1.334e+06,1.59,1.48,1.71
aggregate,1,server_request,1.779e+06,1.67,1.55,1.79
aggregate,1,server_request,2.372e+06,1.68,1.57,1.79
aggregate,1,server_request,3.163e+06,1.67,1.57,1.77
aggregate,1,server_request,4.219e+06,1.70,1.58,1.82
aggregate,1,server_request,5.626e+06,1.67,1.56,1.81
aggregate,1,server_request,7.502e+06,1.66,1.55,1.76
aggregate,1,server_request,1e+07,1.77,1.64,1.91
aggregate,1,hta_worker,0.9997,1.23,1.13,1.34
aggregate,1,hta_worker,1.333,1.23,1.10,1.35
aggregate,1,hta_worker,1.778,1.18,1.07,1.29
aggregate,1,hta_worker,2.371,1.29,1.19,1.40
aggregate,1,hta_worker,3.161,1.25,1.19,1.32
aggregate,1,hta_worker,4.216,1.24,1.14,1.36
aggregate,1,hta_worker,5.622,1.38,1.24,1.51
aggregate,1,hta_worker,7.497,1.32,1.22,1.44
aggregate,1,hta_worker,9.998,1.29,1.20,1.39
aggregate,1,hta_worker,13.33,1.41,1.29,1.53
aggregate,1,hta_worker,17.78,1.34,1.20,1.50
aggregate,1,hta_worker,23.71,1.36,1.25,1.50
aggregate,1,hta_worker,31.62,1.47,1.36,1.58
aggregate,1,hta_worker,42.16,1.46,1.36,1.59
aggregate,1,hta_worker,56.23,1.57,1.42,1.71
aggregate,1,hta_worker,74.98,1.58,1.42,1.74
aggregate,1,hta_worker,99.99,1.46,1.36,1.58
aggregate,1,hta_worker,133.3,1.51,1.42,1.62
aggregate,1,hta_worker,177.8,1.53,1.43,1.64
aggregate,1,hta_worker,237.1,1.53,1.40,1.65
aggregate,1,hta_worker,316.2,1.58,1.51,1.66
aggregate,1,hta_worker,421.7,1.46,1.36,1.57
aggregate,1,hta_worker,562.3,1.53,1.43,1.62
aggregate,1,hta_worker,749.9,1.55,1.45,1.65
aggregate,1,hta_worker,1000,1.74,1.57,1.90
aggregate,1,hta_worker,1334,1.65,1.48,1.80
aggregate,1,hta_worker,1778,1.55,1.42,1.69
aggregate,1,hta_worker,2371,1.54,1.40,1.68
aggregate,1,hta_worker,3162,1.60,1.50,1.71
aggregate,1,hta_worker,4217,1.49,1.38,1.60
aggregate,1,hta_worker,5624,1.49,1.38,1.62
aggregate,1,hta_worker,7500,1.49,1.36,1.63
aggregate,1,hta_worker,1e+04,1.56,1.44,1.68
aggregate,1,hta_worker,1.334e+04,1.56,1.42,1.73
aggregate,1,hta_worker,1.778e+04,1.53,1.41,1.65
aggregate,1,hta_worker,2.372e+04,1.60,1.46,1.76
aggregate,1,hta_worker,3.163e+04,1.69,1.50,1.89
aggregate,1,hta_worker,4.218e+04,1.67,1.55,1.79
aggregate,1,hta_worker,5.624e+04,1.75,1.57,1.93
aggregate,1,hta_worker,7.5e+04,1.52,1.43,1.61
aggregate,1,hta_worker,1e+05,1.76,1.59,1.93
aggregate,1,hta_worker,1.334e+05,1.63,1.49,1.76
aggregate,1,hta_worker,1.779e+05,1.57,1.44,1.72
aggregate,1,hta_worker,2.372e+05,1.67,1.51,1.83
aggregate,1,hta_worker,3.163e+05,1.59,1.47,1.73
aggregate,1,hta_worker,4.218e+05,1.73,1.58,1.89
aggregate,1,hta_worker,5.625e+05,1.68,1.57,1.80
aggregate,1,hta_worker,7.501e+05,1.56,1.47,1.66
aggregate,1,hta_worker,1e+06,1.70,1.53,1.86
aggregate,1,hta_worker,1.334e+06,1.51,1.40,1.62
aggregate,1,hta_worker,1.779e+06,1.59,1.48,1.71
aggregate,1,hta_worker,2.372e+06,1.60,1.49,1.72
aggregate,1,hta_worker,3.163e+06,1.59,1.48,1.69
aggregate,1,hta_worker,4.219e+06,1.62,1.50,1.74
aggregate,1,hta_worker,5.626e+06,1.60,1.47,1.72
aggregate,1,hta_worker,7.502e+06,1.57,1.46,1.68
aggregate,1,hta_worker,1e+07,1.69,1.56,1.83
aggregate,6,end_to_end,1,6.30,6.24,6.36
aggregate,6,end_to_end,1.334,6.30,6.26,6.35
aggregate,6,end_to_end,1.779,6.36,6.32,6.40
aggregate,6,end_to_end,2.372,6.32,6.26,6.38
aggregate,6,end_to_end,3.163,6.35,6.29,6.41
aggregate,6,end_to_end,4.218,6.34,6.28,6.41
aggregate,6,end_to_end,5.624,6.37,6.27,6.47
aggregate,6,end_to_end,7.5,6.38,6.32,6.45
aggregate,6,end_to_end,10,6.37,6.29,6.44
aggregate,6,end_to_end,13.34,6.42,6.36,6.50
aggregate,6,end_to_end,17.79,6.40,6.34,6.45
aggregate,6,end_to_end,23.72,6.38,6.31,6.46
aggregate,6,end_to_end,31.63,6.40,6.33,6.47
aggregate,6,end_to_end,42.18,6.42,6.37,6.48
aggregate,6,end_to_end,56.25,6.37,6.32,6.43
aggregate,6,end_to_end,75.01,6.38,6.32,6.45
aggregate,6,end_to_end,100,6.42,6.36,6.49
aggregate,6,end_to_end,133.4,6.40,6.35,6.45
aggregate,6,end_to_end,177.9,6.42,6.36,6.47
aggregate,6,end_to_end,237.2,6.43,6.37,6.49
aggregate,6,end_to_end,316.3,6.44,6.36,6.52
aggregate,6,end_to_end,421.9,6.39,6.32,6.46
aggregate,6,end_to_end,562.6,6.42,6.33,6.52
aggregate,6,end_to_end,750.2,6.48,6.40,6.56
aggregate,6,end_to_end,1000,6.51,6.44,6.59
aggregate,6,end_to_end,1334,6.46,6.40,6.52
aggregate,6,end_to_end,1779,6.52,6.43,6.60
aggregate,6,end_to_end,2372,6.48,6.40,6.54
aggregate,6,end_to_end,3164,6.53,6.45,6.61
aggregate,6,end_to_end,4219,6.54,6.47,6.64
aggregate,6,end_to_end,5626,6.54,6.38,6.73
aggregate,6,end_to_end,7503,6.46,6.40,6.54
aggregate,6,end_to_end,1.001e+04,6.48,6.42,6.55
aggregate,6,end_to_end,1.334e+04,6.53,6.46,6.61
aggregate,6,end_to_end,1.779e+04,6.41,6.35,6.48
aggregate,6,end_to_end,2.373e+04,6.52,6.42,6.62
aggregate,6,end_to_end,3.164e+04,6.44,6.39,6.48
aggregate,6,end_to_end,4.22e+04,6.41,6.34,6.48
aggregate,6,end_to_end,5.627e+04,6.47,6.39,6.56
aggregate,6,end_to_end,7.504e+04,6.43,6.35,6.52
aggregate,6,end_to_end,1.001e+05,6.49,6.39,6.60
aggregate,6,end_to_end,1.334e+05,6.48,6.41,6.55
aggregate,6,end_to_end,1.779e+05,6.50,6.44,6.58
aggregate,6,end_to_end,2.373e+05,6.44,6.35,6.55
aggregate,6,end_to_end,3.164e+05,6.39,6.32,6.46
aggregate,6,end_to_end,4.22e+05,6.42,6.35,6.49
aggregate,6,end_to_end,5.627e+05,6.44,6.34,6.55
aggregate,6,end_to_end,7.504e+05,6.50,6.43,6.57
aggregate,6,end_to_end,1.001e+06,6.43,6.33,6.54
aggregate,6,end_to_end,1.335e+06,6.42,6.37,6.47
aggregate,6,end_to_end,1.78e+06,6.51,6.42,6.61
aggregate,6,end_to_end,2.373e+06,6.41,6.32,6.49
aggregate,6,end_to_end,3.165e+06,6.41,6.35,6.46
aggregate,6,end_to_end,4.22e+06,6.48,6.39,6.57
aggregate,6,end_to_end,5.628e+06,6.43,6.36,6.51
aggregate,6,end_to_end,7.505e+06,6.55,6.45,6.67
aggregate,6,end_to_end,1.001e+07,6.47,6.40,6.55
aggregate,6,server_request,1,1.47,1.32,1.63
aggregate,6,server_request,1.334,1.45,1.36,1.53
aggregate,6,server_request,1.779,1.50,1.41,1.58
aggregate,6,server_request,2.372,1.38,1.25,1.50
aggregate,6,server_request,3.163,1.41,1.32,1.51
aggregate,6,server_request,4.218,1.45,1.36,1.54
aggregate,6,server_request,5.624,1.53,1.43,1.67
aggregate,6,server_request,7.5,1.50,1.41,1.60
aggregate,6,server_request,10,1.47,1.40,1.55
aggregate,6,server_request,13.34,1.59,1.51,1.67
aggregate,6,server_request,17.79,1.61,1.52,1.71
aggregate,6,server_request,23.72,1.64,1.55,1.74
aggregate,6,server_request,31.63,1.60,1.47,1.73
aggregate,6,server_request,42.18,1.72,1.60,1.84
aggregate,6,server_request,56.25,1.65,1.55,1.76
aggregate,6,server_request,75.01,1.62,1.51,1.71
aggregate,6,server_request,100,1.65,1.59,1.72
aggregate,6,server_request,133.4,1.67,1.58,1.76
aggregate,6,server_request,177.9,1.70,1.60,1.80
aggregate,6,server_request,237.2,1.68,1.57,1.79
aggregate,6,server_request,316.3,1.71,1.61,1.80
aggregate,6,server_request,421.9,1.74,1.61,1.88
aggregate,6,server_request,562.6,1.82,1.68,1.98
aggregate,6,server_request,750.2,1.85,1.75,1.95
aggregate,6,server_request,1000,1.77,1.65,1.93
aggregate,6,server_request,1334,1.73,1.64,1.83
aggregate,6,server_request,1779,1.79,1.65,1.96
aggregate,6,server_request,2372,1.83,1.71,1.95
aggregate,6,server_request,3164,1.80,1.68,1.93
aggregate,6,server_request,4219,1.76,1.62,1.92
aggregate,6,server_request,5626,1.79,1.65,1.95
aggregate,6,server_request,7503,1.78,1.64,1.93
aggregate,6,server_request,1.001e+04,1.69,1.58,1.79
aggregate,6,server_request,1.334e+04,1.81,1.67,1.96
aggregate,6,server_request,1.779e+04,1.75,1.69,1.82
aggregate,6,server_request,2.373e+04,1.82,1.68,2.01
aggregate,6,server_request,3.164e+04,1.79,1.65,1.96
aggregate,6,server_request,4.22e+04,1.78,1.67,1.92
aggregate,6,server_request,5.627e+04,1.75,1.63,1.87
aggregate,6,server_request,7.504e+04,1.83,1.72,1.97
aggregate,6,server_request,1.001e+05,1.93,1.84,2.04
aggregate,6,server_request,1.334e+05,1.80,1.71,1.93
aggregate,6,server_request,1.779e+05,1.86,1.74,1.99
aggregate,6,server_request,2.373e+05,1.80,1.71,1.88
aggregate,6,server_request,3.164e+05,1.87,1.76,2.01
aggregate,6,server_request,4.22e+05,1.78,1.69,1.89
aggregate,6,server_request,5.627e+05,1.83,1.67,2.03
aggregate,6,server_request,7.504e+05,1.82,1.72,1.91
aggregate,6,server_request,1.001e+06,1.79,1.65,1.93
aggregate,6,server_request,1.335e+06,1.76,1.64,1.91
aggregate,6,server_request,1.78e+06,2.01,1.84,2.23
aggregate,6,server_request,2.373e+06,1.81,1.66,1.98
aggregate,6,server_request,3.165e+06,1.73,1.64,1.82
aggregate,6,server_request,4.22e+06,1.98,1.83,2.14
aggregate,6,server_request,5.628e+06,1.81,1.69,1.91
aggregate,6,server_request,7.505e+06,1.98,1.79,2.17
aggregate,6,server_request,1.001e+07,1.77,1.66,1.87
aggregate,6,hta_worker,1,1.41,1.28,1.58
aggregate,6,hta_worker,1.334,1.40,1.31,1.49
aggregate,6,hta_worker,1.779,1.45,1.36,1.53
aggregate,6,hta_worker,2.372,1.33,1.21,1.44
aggregate,6,hta_worker,3.163,1.36,1.26,1.47
aggregate,6,hta_worker,4.218,1.40,1.32,1.50
aggregate,6,hta_worker,5.624,1.49,1.38,1.61
aggregate,6,hta_worker,7.5,1.45,1.36,1.55
aggregate,6,hta_worker,10,1.42,1.36,1.49
aggregate,6,hta_worker,13.34,1.54,1.47,1.62
aggregate,6,hta_worker,17.79,1.55,1.47,1.66
aggregate,6,hta_worker,23.72,1.59,1.50,1.69
aggregate,6,hta_worker,31.63,1.55,1.42,1.68
aggregate,6,hta_worker,42.18,1.67,1.56,1.80
aggregate,6,hta_worker,56.25,1.59,1.50,1.70
aggregate,6,hta_worker,75.01,1.56,1.46,1.66
aggregate,6,hta_worker,100,1.60,1.54,1.66
aggregate,6,hta_worker,133.4,1.62,1.53,1.73
aggregate,6,hta_worker,177.9,1.65,1.55,1.75
aggregate,6,hta_worker,237.2,1.63,1.53,1.75
aggregate,6,hta_worker,316.3,1.66,1.56,1.75
aggregate,6,hta_worker,421.9,1.68,1.55,1.82
aggregate,6,hta_worker,562.6,1.77,1.63,1.93
aggregate,6,hta_worker,750.2,1.80,1.71,1.90
aggregate,6,hta_worker,1000,1.71,1.59,1.88
aggregate,6,hta_worker,1334,1.69,1.59,1.77
aggregate,6,hta_worker,1779,1.74,1.59,1.92
aggregate,6,hta_worker,2372,1.78,1.66,1.89
aggregate,6,hta_worker,3164,1.75,1.63,1.88
aggregate,6,hta_worker,4219,1.71,1.58,1.86
aggregate,6,hta_worker,5626,1.74,1.60,1.91
aggregate,6,hta_worker,7503,1.73,1.59,1.88
aggregate,6,hta_worker,1.001e+04,1.64,1.53,1.75
aggregate,6,hta_worker,1.334e+04,1.76,1.62,1.91
aggregate,6,hta_worker,1.779e+04,1.70,1.64,1.77
aggregate,6,hta_worker,2.373e+04,1.77,1.63,1.95
aggregate,6,hta_worker,3.164e+04,1.73,1.59,1.90
aggregate,6,hta_worker,4.22e+04,1.73,1.62,1.86
aggregate,6,hta_worker,5.627e+04,1.70,1.56,1.82
aggregate,6,hta_worker,7.504e+04,1.78,1.65,1.91
aggregate,6,hta_worker,1.001e+05,1.87,1.78,1.98
aggregate,6,hta_worker,1.334e+05,1.76,1.66,1.89
aggregate,6,hta_worker,1.779e+05,1.82,1.69,1.95
aggregate,6,hta_worker,2.373e+05,1.74,1.65,1.83
aggregate,6,hta_worker,3.164e+05,1.82,1.71,1.95
aggregate,6,hta_worker,4.22e+05,1.74,1.65,1.84
aggregate,6,hta_worker,5.627e+05,1.78,1.63,1.97
aggregate,6,hta_worker,7.504e+05,1.77,1.68,1.87
aggregate,6,hta_worker,1.001e+06,1.74,1.61,1.88
aggregate,6,hta_worker,1.335e+06,1.71,1.59,1.86
aggregate,6,hta_worker,1.78e+06,1.96,1.77,2.20
aggregate,6,hta_worker,2.373e+06,1.76,1.61,1.92
aggregate,6,hta_worker,3.165e+06,1.68,1.59,1.77
aggregate,6,hta_worker,4.22e+06,1.93,1.78,2.08
aggregate,6,hta_worker,5.628e+06,1.76,1.65,1.88
aggregate,6,hta_worker,7.505e+06,1.93,1.74,2.13
aggregate,6,hta_worker,1.001e+07,1.72,1.61,1.83
