dataset,type,metrics,span_s,rep,latency_ms,db_max_ms,data_requests,points
diss,flex,1,1,0,16.37,12.09,1,1000
diss,flex,1,1,1,15.04,12.02,1,1000
diss,flex,1,1,2,20.05,17.19,1,1000
diss,flex,1,1,3,21.86,18.75,1,1000
diss,flex,1,1,4,19.86,16.71,1,1000
diss,flex,1,1,5,15.44,12.06,1,1000
diss,flex,1,1,6,21.45,18.28,1,1000
diss,flex,1,1,7,14.67,11.77,1,1000
diss,flex,1,1,8,11.98,9.33,1,1000
diss,flex,1,1,9,10.39,8.01,1,1000
diss,flex,1,1,10,16.47,13.56,1,1000
diss,flex,1,1,11,13.51,10.95,1,1000
diss,flex,1,1,12,16.80,14.10,1,1000
diss,flex,1,1,13,14.40,11.68,1,1000
diss,flex,1,1,14,11.84,9.06,1,1000
diss,flex,1,1,15,12.62,9.85,1,1000
diss,flex,1,1,16,10.97,8.32,1,1000
diss,flex,1,1,17,11.64,9.00,1,1000
diss,flex,1,1,18,9.69,7.17,1,1000
diss,flex,1,1,19,29.26,26.12,1,1000
diss,flex,1,1.334,0,15.41,13.55,1,1000
diss,flex,1,1.334,1,18.95,16.44,1,1000
diss,flex,1,1.334,2,12.81,9.94,1,1000
diss,flex,1,1.334,3,9.86,7.05,1,1000
diss,flex,1,1.334,4,12.29,9.44,1,1000
diss,flex,1,1.334,5,11.55,8.77,1,1000
diss,flex,1,1.334,6,14.86,11.97,1,1000
diss,flex,1,1.334,7,11.26,8.47,1,1000
diss,flex,1,1.334,8,11.05,8.46,1,1000
diss,flex,1,1.334,9,15.91,13.16,1,1000
diss,flex,1,1.334,10,11.23,8.49,1,1000
diss,flex,1,1.334,11,10.84,8.15,1,1000
diss,flex,1,1.334,12,11.92,9.05,1,1000
diss,flex,1,1.334,13,11.45,8.65,1,1000
diss,flex,1,1.334,14,11.57,8.64,1,1000
diss,flex,1,1.334,15,11.80,9.05,1,1000
diss,flex,1,1.334,16,12.12,9.14,1,1000
diss,flex,1,1.334,17,9.20,6.51,1,1000
diss,flex,1,1.334,18,11.46,8.71,1,1000
diss,flex,1,1.334,19,11.68,8.87,1,1000
diss,flex,1,1.778,0,12.71,9.76,1,1000
diss,flex,1,1.778,1,7.14,3.99,1,1000
diss,flex,1,1.778,2,9.89,6.98,1,1000
diss,flex,1,1.778,3,11.84,9.10,1,1000
diss,flex,1,1.778,4,12.20,9.31,1,1000
diss,flex,1,1.778,5,15.28,12.54,1,1000
diss,flex,1,1.778,6,11.57,8.74,1,1000
diss,flex,1,1.778,7,11.82,9.16,1,1000
diss,flex,1,1.778,8,11.59,8.85,1,1000
diss,flex,1,1.778,9,3.54,0.79,0,1000
diss,flex,1,1.778,10,11.97,9.22,1,1000
diss,flex,1,1.778,11,13.86,10.02,1,1000
diss,flex,1,1.778,12,12.36,9.17,1,1000
diss,flex,1,1.778,13,9.70,6.89,1,1000
diss,flex,1,1.778,14,11.71,8.98,1,1000
diss,flex,1,1.778,15,9.91,7.07,1,1000
diss,flex,1,1.778,16,9.33,6.69,1,1000
diss,flex,1,1.778,17,6.02,3.12,1,1000
diss,flex,1,1.778,18,20.45,16.79,1,1000
diss,flex,1,1.778,19,24.82,22.91,1,1000
diss,flex,1,2.371,0,13.70,11.62,1,1000
diss,flex,1,2.371,1,8.00,5.49,1,1000
diss,flex,1,2.371,2,9.36,7.03,1,1000
diss,flex,1,2.371,3,7.61,4.91,1,1000
diss,flex,1,2.371,4,6.56,3.81,1,1000
diss,flex,1,2.371,5,16.47,13.68,1,1000
diss,flex,1,2.371,6,6.51,3.73,1,1000
diss,flex,1,2.371,7,11.41,8.65,1,1000
diss,flex,1,2.371,8,11.21,8.42,1,1000
diss,flex,1,2.371,9,17.99,15.10,1,1000
diss,flex,1,2.371,10,11.19,8.28,1,1000
diss,flex,1,2.371,11,9.87,7.04,1,1000
diss,flex,1,2.371,12,11.74,8.95,1,1000
diss,flex,1,2.371,13,9.62,6.69,1,1000
diss,flex,1,2.371,14,11.06,8.24,1,1000
diss,flex,1,2.371,15,10.94,8.18,1,1000
diss,flex,1,2.371,16,11.71,8.80,1,1000
diss,flex,1,2.371,17,10.43,7.99,1,1000
diss,flex,1,2.371,18,7.16,5.18,1,1000
diss,flex,1,2.371,19,7.20,4.42,1,1000
diss,flex,1,3.162,0,7.01,4.07,1,1000
diss,flex,1,3.162,1,13.58,11.13,1,1000
diss,flex,1,3.162,2,12.60,10.27,1,1000
diss,flex,1,3.162,3,12.04,9.94,1,1000
diss,flex,1,3.162,4,6.55,4.41,1,1000
diss,flex,1,3.162,5,16.73,14.02,1,1000
diss,flex,1,3.162,6,9.08,6.84,1,1000
diss,flex,1,3.162,7,10.34,7.92,1,1000
diss,flex,1,3.162,8,13.95,11.43,1,1000
diss,flex,1,3.162,9,9.48,7.45,1,1000
diss,flex,1,3.162,10,14.13,11.51,1,1000
diss,flex,1,3.162,11,10.80,8.62,1,1000
diss,flex,1,3.162,12,10.20,7.66,1,1000
diss,flex,1,3.162,13,8.27,5.83,1,1000
diss,flex,1,3.162,14,15.41,12.79,1,1000
diss,flex,1,3.162,15,9.94,7.14,1,1000
diss,flex,1,3.162,16,12.35,9.56,1,1000
diss,flex,1,3.162,17,12.06,9.24,1,1000
diss,flex,1,3.162,18,14.05,10.97,1,1000
diss,flex,1,3.162,19,10.98,7.27,1,1000
diss,flex,1,4.217,0,12.80,10.81,1,1000
diss,flex,1,4.217,1,10.76,8.57,1,1000
diss,flex,1,4.217,2,19.77,17.51,1,1000
diss,flex,1,4.217,3,11.97,9.23,1,1000
diss,flex,1,4.217,4,11.26,8.54,1,1000
diss,flex,1,4.217,5,12.54,9.76,1,1000
diss,flex,1,4.217,6,10.36,7.51,1,1000
diss,flex,1,4.217,7,12.13,9.28,1,1000
diss,flex,1,4.217,8,12.09,9.00,1,1000
diss,flex,1,4.217,9,7.56,4.84,1,1000
diss,flex,1,4.217,10,12.32,9.66,1,1000
diss,flex,1,4.217,11,10.55,7.60,1,1000
diss,flex,1,4.217,12,9.43,6.71,1,1000
diss,flex,1,4.217,13,12.06,9.66,1,1000
diss,flex,1,4.217,14,9.47,6.84,1,1000
diss,flex,1,4.217,15,14.07,9.75,1,1000
diss,flex,1,4.217,16,15.20,12.85,1,1000
diss,flex,1,4.217,17,7.14,4.45,1,1000
diss,flex,1,4.217,18,11.72,9.24,1,1000
diss,flex,1,4.217,19,9.20,6.84,1,1000
diss,flex,1,5.623,0,9.60,6.91,1,1000
diss,flex,1,5.623,1,13.77,11.09,1,1000
diss,flex,1,5.623,2,10.30,7.34,1,1000
diss,flex,1,5.623,3,13.19,10.25,1,1000
diss,flex,1,5.623,4,11.56,8.81,1,1000
diss,flex,1,5.623,5,7.83,5.10,1,1000
diss,flex,1,5.623,6,11.95,9.23,1,1000
diss,flex,1,5.623,7,13.67,10.90,1,1000
diss,flex,1,5.623,8,8.98,6.38,1,1000
diss,flex,1,5.623,9,9.22,7.07,1,1000
diss,flex,1,5.623,10,13.73,11.61,1,1000
diss,flex,1,5.623,11,8.28,5.94,1,1000
diss,flex,1,5.623,12,10.09,7.98,1,1000
diss,flex,1,5.623,13,11.31,9.11,1,1000
diss,flex,1,5.623,14,23.84,21.58,1,1000
diss,flex,1,5.623,15,9.32,7.41,1,1000
diss,flex,1,5.623,16,5.42,3.31,2,1000
diss,flex,1,5.623,17,9.80,7.25,1,1000
diss,flex,1,5.623,18,16.72,14.80,1,1000
diss,flex,1,5.623,19,23.02,20.77,1,1000
diss,flex,1,7.499,0,21.72,19.30,1,1000
diss,flex,1,7.499,1,14.61,12.09,1,1000
diss,flex,1,7.499,2,12.68,10.45,1,1000
diss,flex,1,7.499,3,8.73,6.23,1,1000
diss,flex,1,7.499,4,7.66,5.40,1,1000
diss,flex,1,7.499,5,8.69,6.67,1,1000
diss,flex,1,7.499,6,7.08,5.18,1,1000
diss,flex,1,7.499,7,7.43,5.35,1,1000
diss,flex,1,7.499,8,8.83,6.85,1,1000
diss,flex,1,7.499,9,9.51,7.12,1,1000
diss,flex,1,7.499,10,8.09,6.17,1,1000
diss,flex,1,7.499,11,8.38,5.76,1,1000
diss,flex,1,7.499,12,18.21,15.56,2,1000
diss,flex,1,7.499,13,6.59,4.28,1,1000
diss,flex,1,7.499,14,8.08,5.83,1,1000
diss,flex,1,7.499,15,10.56,8.00,1,1000
diss,flex,1,7.499,16,6.94,4.49,1,1000
diss,flex,1,7.499,17,21.12,18.88,1,1000
diss,flex,1,7.499,18,8.74,6.50,1,1000
diss,flex,1,7.499,19,9.93,7.68,1,1000
diss,flex,1,10,0,9.07,6.67,1,1000
diss,flex,1,10,1,6.23,3.98,1,1000
diss,flex,1,10,2,13.96,11.43,1,1000
diss,flex,1,10,3,12.54,10.20,1,1000
diss,flex,1,10,4,9.89,7.96,1,1000
diss,flex,1,10,5,11.79,9.74,1,1000
diss,flex,1,10,6,17.55,15.61,1,1000
diss,flex,1,10,7,9.62,7.57,1,1000
diss,flex,1,10,8,11.05,8.36,1,1000
diss,flex,1,10,9,10.29,8.21,1,1000
diss,flex,1,10,10,10.88,8.76,1,1000
diss,flex,1,10,11,17.34,14.84,1,1000
diss,flex,1,10,12,12.23,10.10,1,1000
diss,flex,1,10,13,10.10,7.29,1,1000
diss,flex,1,10,14,13.30,10.74,1,1000
diss,flex,1,10,15,16.05,13.42,1,1000
diss,flex,1,10,16,10.94,8.15,1,1000
diss,flex,1,10,17,7.63,4.87,1,1000
diss,flex,1,10,18,8.07,5.39,1,1000
diss,flex,1,10,19,12.38,9.69,1,1000
diss,flex,1,13.34,0,11.61,8.76,1,1000
diss,flex,1,13.34,1,12.19,9.29,1,1000
diss,flex,1,13.34,2,12.42,9.58,1,1000
diss,flex,1,13.34,3,12.10,9.25,1,1000
diss,flex,1,13.34,4,25.83,22.53,1,1000
diss,flex,1,13.34,5,21.69,19.12,1,1000
diss,flex,1,13.34,6,18.14,15.80,1,1000
diss,flex,1,13.34,7,7.89,5.42,1,1000
diss,flex,1,13.34,8,14.19,11.33,1,1000
diss,flex,1,13.34,9,15.24,12.26,1,1000
diss,flex,1,13.34,10,17.59,14.64,1,1000
diss,flex,1,13.34,11,10.23,7.31,1,1000
diss,flex,1,13.34,12,7.46,4.59,1,1000
diss,flex,1,13.34,13,10.43,7.55,1,1000
diss,flex,1,13.34,14,15.84,13.30,1,1000
diss,flex,1,13.34,15,10.19,7.39,1,1000
diss,flex,1,13.34,16,10.31,7.50,1,1000
diss,flex,1,13.34,17,10.64,7.66,1,1000
diss,flex,1,13.34,18,13.79,11.11,1,1000
diss,flex,1,13.34,19,15.26,12.24,1,1000
diss,flex,1,17.78,0,13.45,10.41,1,1000
diss,flex,1,17.78,1,8.23,5.24,1,1000
diss,flex,1,17.78,2,11.61,8.75,1,1000
diss,flex,1,17.78,3,10.48,7.71,1,1000
diss,flex,1,17.78,4,8.31,5.25,1,1000
diss,flex,1,17.78,5,12.56,9.74,1,1000
diss,flex,1,17.78,6,8.57,5.78,1,1000
diss,flex,1,17.78,7,11.32,8.30,1,1000
diss,flex,1,17.78,8,14.64,11.75,1,1000
diss,flex,1,17.78,9,14.29,11.45,1,1000
diss,flex,1,17.78,10,8.01,5.26,1,1000
diss,flex,1,17.78,11,11.49,8.68,1,1000
diss,flex,1,17.78,12,13.47,10.60,1,1000
diss,flex,1,17.78,13,10.43,7.70,1,1000
diss,flex,1,17.78,14,18.84,16.23,1,1000
diss,flex,1,17.78,15,13.06,10.18,1,1000
diss,flex,1,17.78,16,11.50,8.62,1,1000
diss,flex,1,17.78,17,11.86,8.95,1,1000
diss,flex,1,17.78,18,10.87,8.05,1,1000
diss,flex,1,17.78,19,10.47,7.63,1,1000
diss,flex,1,23.71,0,9.32,6.33,1,1000
diss,flex,1,23.71,1,11.53,8.40,1,1000
diss,flex,1,23.71,2,17.85,14.88,1,1000
diss,flex,1,23.71,3,24.07,21.35,1,1000
diss,flex,1,23.71,4,10.93,8.80,1,1000
diss,flex,1,23.71,5,18.92,16.63,1,1000
diss,flex,1,23.71,6,10.33,7.70,1,1000
diss,flex,1,23.71,7,9.65,6.90,1,1000
diss,flex,1,23.71,8,11.69,8.91,1,1000
diss,flex,1,23.71,9,18.75,16.29,1,1000
diss,flex,1,23.71,10,16.36,13.44,1,1000
diss,flex,1,23.71,11,11.63,9.01,1,1000
diss,flex,1,23.71,12,15.43,12.61,1,1000
diss,flex,1,23.71,13,15.86,12.04,1,1000
diss,flex,1,23.71,14,16.79,14.05,1,1000
diss,flex,1,23.71,15,14.37,11.71,1,1000
diss,flex,1,23.71,16,17.67,14.90,1,1000
diss,flex,1,23.71,17,15.00,12.34,1,1000
diss,flex,1,23.71,18,11.95,9.29,1,1000
diss,flex,1,23.71,19,13.54,10.82,1,1000
diss,flex,1,31.62,0,15.39,12.40,1,1055
diss,flex,1,31.62,1,14.43,11.67,1,1055
diss,flex,1,31.62,2,14.88,12.19,1,1055
diss,flex,1,31.62,3,20.38,17.70,1,1055
diss,flex,1,31.62,4,17.73,14.81,1,1055
diss,flex,1,31.62,5,10.86,8.13,1,1055
diss,flex,1,31.62,6,9.97,7.21,1,1055
diss,flex,1,31.62,7,8.42,5.62,1,1055
diss,flex,1,31.62,8,15.84,13.22,1,1055
diss,flex,1,31.62,9,13.25,10.18,1,1055
diss,flex,1,31.62,10,10.92,8.24,1,1055
diss,flex,1,31.62,11,7.01,4.18,1,1055
diss,flex,1,31.62,12,5.64,3.17,1,1056
diss,flex,1,31.62,13,11.27,8.98,1,1055
diss,flex,1,31.62,14,7.25,4.57,1,1055
diss,flex,1,31.62,15,7.00,4.02,1,1055
diss,flex,1,31.62,16,10.80,8.21,1,1055
diss,flex,1,31.62,17,10.36,7.44,1,1055
diss,flex,1,31.62,18,14.30,11.31,1,1055
diss,flex,1,31.62,19,7.29,4.52,1,1055
diss,flex,1,42.17,0,14.26,11.12,1,1407
diss,flex,1,42.17,1,25.43,22.56,1,1406
diss,flex,1,42.17,2,14.07,11.63,1,1407
diss,flex,1,42.17,3,20.57,17.85,1,1407
diss,flex,1,42.17,4,6.73,4.28,1,1407
diss,flex,1,42.17,5,10.23,6.92,1,1407
diss,flex,1,42.17,6,9.51,6.46,1,1407
diss,flex,1,42.17,7,3.21,0.37,0,1407
diss,flex,1,42.17,8,8.76,5.73,1,1407
diss,flex,1,42.17,9,7.38,4.42,1,1406
diss,flex,1,42.17,10,7.12,4.19,1,1407
diss,flex,1,42.17,11,7.58,4.43,1,1407
diss,flex,1,42.17,12,17.65,14.69,1,1406
diss,flex,1,42.17,13,7.62,4.49,1,1407
diss,flex,1,42.17,14,8.15,5.11,1,1407
diss,flex,1,42.17,15,8.73,5.77,1,1407
diss,flex,1,42.17,16,11.97,9.00,1,1407
diss,flex,1,42.17,17,8.04,4.95,1,1407
diss,flex,1,42.17,18,7.88,4.88,1,1407
diss,flex,1,42.17,19,15.44,12.45,1,1407
diss,flex,1,56.23,0,10.14,7.09,1,1876
diss,flex,1,56.23,1,8.05,4.58,1,1876
diss,flex,1,56.23,2,8.18,4.84,1,1875
diss,flex,1,56.23,3,11.93,7.94,1,1875
diss,flex,1,56.23,4,16.08,12.92,1,1875
diss,flex,1,56.23,5,9.41,6.40,1,1875
diss,flex,1,56.23,6,7.02,4.62,1,1876
diss,flex,1,56.23,7,12.15,9.11,1,1875
diss,flex,1,56.23,8,14.78,11.89,1,1875
diss,flex,1,56.23,9,8.29,4.92,1,1876
diss,flex,1,56.23,10,9.55,6.44,1,1875
diss,flex,1,56.23,11,9.33,6.07,1,1875
diss,flex,1,56.23,12,7.79,4.56,1,1875
diss,flex,1,56.23,13,8.02,4.75,1,1875
diss,flex,1,56.23,14,12.09,8.77,1,1876
diss,flex,1,56.23,15,7.84,4.55,1,1875
diss,flex,1,56.23,16,7.89,4.57,1,1876
diss,flex,1,56.23,17,4.10,0.80,0,1875
diss,flex,1,56.23,18,8.28,5.00,1,1875
diss,flex,1,56.23,19,9.88,6.56,1,1876
diss,flex,1,74.99,0,7.86,5.01,1,1251
diss,flex,1,74.99,1,8.07,5.16,1,1250
diss,flex,1,74.99,2,11.36,8.53,1,1251
diss,flex,1,74.99,3,13.33,10.17,1,1251
diss,flex,1,74.99,4,12.58,10.55,1,1251
diss,flex,1,74.99,5,14.67,12.50,1,1250
diss,flex,1,74.99,6,13.22,10.97,1,1251
diss,flex,1,74.99,7,6.20,3.85,1,1251
diss,flex,1,74.99,8,6.99,4.95,1,1251
diss,flex,1,74.99,9,10.93,8.31,1,1251
diss,flex,1,74.99,10,6.76,3.98,1,1251
diss,flex,1,74.99,11,11.94,9.28,1,1251
diss,flex,1,74.99,12,7.62,4.63,1,1251
diss,flex,1,74.99,13,7.54,4.19,1,1251
diss,flex,1,74.99,14,7.55,4.58,1,1250
diss,flex,1,74.99,15,7.26,4.37,1,1251
diss,flex,1,74.99,16,12.82,6.64,1,1251
diss,flex,1,74.99,17,8.25,5.24,1,1251
diss,flex,1,74.99,18,7.45,4.64,1,1251
diss,flex,1,74.99,19,7.57,4.52,1,1251
diss,flex,1,100,0,10.54,7.77,1,1112
diss,flex,1,100,1,7.74,4.80,1,1112
diss,flex,1,100,2,7.48,4.59,1,1112
diss,flex,1,100,3,7.31,4.55,1,1112
diss,flex,1,100,4,7.94,4.93,1,1112
diss,flex,1,100,5,7.63,4.76,1,1112
diss,flex,1,100,6,7.36,4.57,1,1112
diss,flex,1,100,7,7.94,4.95,1,1112
diss,flex,1,100,8,8.75,5.76,1,1112
diss,flex,1,100,9,13.51,10.58,1,1112
diss,flex,1,100,10,7.92,5.00,1,1112
diss,flex,1,100,11,9.57,6.21,1,1112
diss,flex,1,100,12,8.63,5.62,1,1112
diss,flex,1,100,13,13.28,10.82,1,1112
diss,flex,1,100,14,6.67,4.54,1,1112
diss,flex,1,100,15,7.22,5.07,1,1112
diss,flex,1,100,16,7.00,4.90,1,1112
diss,flex,1,100,17,6.54,4.31,1,1112
diss,flex,1,100,18,6.49,4.21,1,1112
diss,flex,1,100,19,8.52,6.23,1,1112
diss,flex,1,133.4,0,3.72,1.29,0,1112
diss,flex,1,133.4,1,7.23,4.69,1,1112
diss,flex,1,133.4,2,8.56,6.27,1,1112
diss,flex,1,133.4,3,9.56,6.96,1,1112
diss,flex,1,133.4,4,12.48,9.60,1,1112
diss,flex,1,133.4,5,8.95,5.92,1,1112
diss,flex,1,133.4,6,7.82,5.04,1,1112
diss,flex,1,133.4,7,9.04,6.04,1,1112
diss,flex,1,133.4,8,8.71,5.72,1,1112
diss,flex,1,133.4,9,8.92,5.84,1,1112
diss,flex,1,133.4,10,18.69,16.08,1,1112
diss,flex,1,133.4,11,12.96,10.76,1,1112
diss,flex,1,133.4,12,13.30,11.33,1,1112
diss,flex,1,133.4,13,8.22,5.76,1,1112
diss,flex,1,133.4,14,7.91,5.07,1,1112
diss,flex,1,133.4,15,8.51,5.67,1,1112
diss,flex,1,133.4,16,9.77,6.87,1,1112
diss,flex,1,133.4,17,7.85,4.98,1,1112
diss,flex,1,133.4,18,7.80,5.38,1,1112
diss,flex,1,133.4,19,9.92,6.55,1,1112
diss,flex,1,177.8,0,9.44,6.17,1,1186
diss,flex,1,177.8,1,16.21,13.10,1,1186
diss,flex,1,177.8,2,8.12,5.11,2,1186
diss,flex,1,177.8,3,9.49,6.59,1,1186
diss,flex,1,177.8,4,7.50,5.19,1,1186
diss,flex,1,177.8,5,14.02,10.87,1,1186
diss,flex,1,177.8,6,8.27,5.16,1,1186
diss,flex,1,177.8,7,9.09,6.11,1,1186
diss,flex,1,177.8,8,7.47,4.61,1,1186
diss,flex,1,177.8,9,7.92,4.99,1,1186
diss,flex,1,177.8,10,7.51,4.61,2,1186
diss,flex,1,177.8,11,7.99,5.09,1,1186
diss,flex,1,177.8,12,6.91,4.44,1,1186
diss,flex,1,177.8,13,7.59,4.76,1,1186
diss,flex,1,177.8,14,14.79,11.74,1,1186
diss,flex,1,177.8,15,8.23,5.16,1,1186
diss,flex,1,177.8,16,9.12,6.04,1,1186
diss,flex,1,177.8,17,7.38,4.18,1,1186
diss,flex,1,177.8,18,8.26,5.73,1,1186
diss,flex,1,177.8,19,7.68,4.59,1,1186
diss,flex,1,237.1,0,8.75,5.74,1,1130
diss,flex,1,237.1,1,9.18,6.19,1,1130
diss,flex,1,237.1,2,9.23,6.25,1,1130
diss,flex,1,237.1,3,12.41,9.51,1,1130
diss,flex,1,237.1,4,7.97,5.33,1,1130
diss,flex,1,237.1,5,7.81,5.05,1,1130
diss,flex,1,237.1,6,8.26,5.49,1,1130
diss,flex,1,237.1,7,7.25,4.97,1,1130
diss,flex,1,237.1,8,8.73,5.53,2,1130
diss,flex,1,237.1,9,9.44,6.45,1,1130
diss,flex,1,237.1,10,7.94,5.10,1,1130
diss,flex,1,237.1,11,3.40,0.68,0,1130
diss,flex,1,237.1,12,13.43,10.43,1,1130
diss,flex,1,237.1,13,14.03,11.21,1,1130
diss,flex,1,237.1,14,12.21,10.08,1,1130
diss,flex,1,237.1,15,21.01,18.61,1,1130
diss,flex,1,237.1,16,9.60,7.23,1,1130
diss,flex,1,237.1,17,7.34,4.93,1,1130
diss,flex,1,237.1,18,7.26,4.39,1,1130
diss,flex,1,237.1,19,8.28,5.32,1,1130
diss,flex,1,316.2,0,18.99,16.15,1,1055
diss,flex,1,316.2,1,12.40,9.48,1,1055
diss,flex,1,316.2,2,8.76,6.54,1,1055
diss,flex,1,316.2,3,2.74,0.49,0,1055
diss,flex,1,316.2,4,11.38,8.75,1,1055
diss,flex,1,316.2,5,12.15,9.44,1,1055
diss,flex,1,316.2,6,13.36,10.76,1,1055
diss,flex,1,316.2,7,9.16,6.29,1,1055
diss,flex,1,316.2,8,9.29,6.41,1,1055
diss,flex,1,316.2,9,8.97,6.06,1,1055
diss,flex,1,316.2,10,7.06,4.34,1,1055
diss,flex,1,316.2,11,6.87,4.19,1,1055
diss,flex,1,316.2,12,7.61,4.69,1,1055
diss,flex,1,316.2,13,7.51,4.63,1,1055
diss,flex,1,316.2,14,7.09,4.29,1,1055
diss,flex,1,316.2,15,6.72,3.74,1,1055
diss,flex,1,316.2,16,7.28,4.37,1,1055
diss,flex,1,316.2,17,6.93,4.12,1,1055
diss,flex,1,316.2,18,7.01,4.23,1,1055
diss,flex,1,316.2,19,7.25,4.35,1,1056
diss,flex,1,421.7,0,11.12,7.99,1,1406
diss,flex,1,421.7,1,10.34,6.80,1,1407
diss,flex,1,421.7,2,7.45,4.32,1,1406
diss,flex,1,421.7,3,16.67,13.40,1,1407
diss,flex,1,421.7,4,7.96,4.81,1,1407
diss,flex,1,421.7,5,7.59,4.50,1,1406
diss,flex,1,421.7,6,7.65,4.51,1,1406
diss,flex,1,421.7,7,13.99,10.90,1,1407
diss,flex,1,421.7,8,7.96,4.88,1,1406
diss,flex,1,421.7,9,7.33,4.31,1,1407
diss,flex,1,421.7,10,3.52,0.58,0,1407
diss,flex,1,421.7,11,7.75,4.50,1,1406
diss,flex,1,421.7,12,10.61,7.48,1,1407
diss,flex,1,421.7,13,8.26,5.35,1,1407
diss,flex,1,421.7,14,3.45,0.60,0,1407
diss,flex,1,421.7,15,3.68,0.63,0,1407
diss,flex,1,421.7,16,3.71,0.60,0,1407
diss,flex,1,421.7,17,9.87,6.83,1,1407
diss,flex,1,421.7,18,11.45,7.71,1,1407
diss,flex,1,421.7,19,15.99,13.92,1,1406
diss,flex,1,562.3,0,4.06,1.75,0,1876
diss,flex,1,562.3,1,12.61,10.52,1,1876
diss,flex,1,562.3,2,2.87,0.63,0,1875
diss,flex,1,562.3,3,5.42,3.12,1,1875
diss,flex,1,562.3,4,6.14,3.21,1,1875
diss,flex,1,562.3,5,3.81,0.54,0,1875
diss,flex,1,562.3,6,7.61,4.54,1,1876
diss,flex,1,562.3,7,7.36,4.15,1,1875
diss,flex,1,562.3,8,14.87,11.79,1,1875
diss,flex,1,562.3,9,10.30,6.48,1,1875
diss,flex,1,562.3,10,9.06,5.11,1,1875
diss,flex,1,562.3,11,8.42,4.69,1,1875
diss,flex,1,562.3,12,9.23,5.87,1,1876
diss,flex,1,562.3,13,12.09,8.20,1,1875
diss,flex,1,562.3,14,8.47,4.50,1,1876
diss,flex,1,562.3,15,4.69,0.78,0,1876
diss,flex,1,562.3,16,4.73,0.76,0,1876
diss,flex,1,562.3,17,8.52,4.59,1,1875
diss,flex,1,562.3,18,4.56,0.77,0,1875
diss,flex,1,562.3,19,4.35,0.75,0,1876
diss,flex,1,749.9,0,4.10,0.65,0,1251
diss,flex,1,749.9,1,7.76,4.71,1,1251
diss,flex,1,749.9,2,3.43,0.71,0,1251
diss,flex,1,749.9,3,7.25,4.67,1,1250
diss,flex,1,749.9,4,6.90,3.91,1,1251
diss,flex,1,749.9,5,7.34,4.45,1,1251
diss,flex,1,749.9,6,3.59,0.80,0,1250
diss,flex,1,749.9,7,7.75,4.78,1,1250
diss,flex,1,749.9,8,8.33,5.23,1,1251
diss,flex,1,749.9,9,7.30,4.40,1,1250
diss,flex,1,749.9,10,3.85,0.75,0,1251
diss,flex,1,749.9,11,8.68,5.64,1,1251
diss,flex,1,749.9,12,4.27,1.25,0,1250
diss,flex,1,749.9,13,9.78,6.88,1,1251
diss,flex,1,749.9,14,3.66,0.74,0,1251
diss,flex,1,749.9,15,3.02,0.68,0,1251
diss,flex,1,749.9,16,2.99,0.67,0,1251
diss,flex,1,749.9,17,3.12,0.70,0,1251
diss,flex,1,749.9,18,12.64,9.77,1,1251
diss,flex,1,749.9,19,7.54,4.91,1,1250
diss,flex,1,1000,0,7.51,4.60,1,1112
diss,flex,1,1000,1,3.58,0.78,0,1112
diss,flex,1,1000,2,3.40,0.71,0,1112
diss,flex,1,1000,3,3.36,0.81,0,1112
diss,flex,1,1000,4,6.51,3.78,1,1112
diss,flex,1,1000,5,3.30,0.78,0,1112
diss,flex,1,1000,6,8.57,6.55,1,1112
diss,flex,1,1000,7,6.95,4.54,1,1112
diss,flex,1,1000,8,3.24,0.52,0,1112
diss,flex,1,1000,9,6.42,4.00,1,1112
diss,flex,1,1000,10,3.94,1.98,0,1112
diss,flex,1,1000,11,14.59,12.18,1,1112
diss,flex,1,1000,12,2.71,0.64,0,1112
diss,flex,1,1000,13,13.86,11.23,1,1112
diss,flex,1,1000,14,7.40,4.65,1,1112
diss,flex,1,1000,15,3.68,0.67,0,1112
diss,flex,1,1000,16,2.90,0.63,0,1112
diss,flex,1,1000,17,3.40,0.81,0,1112
diss,flex,1,1000,18,3.51,0.80,0,1112
diss,flex,1,1000,19,3.07,0.71,0,1112
diss,flex,1,1334,0,10.12,7.43,1,1112
diss,flex,1,1334,1,6.50,3.91,1,1112
diss,flex,1,1334,2,3.63,0.46,0,1112
diss,flex,1,1334,3,6.99,4.03,1,1112
diss,flex,1,1334,4,7.90,5.03,1,1112
diss,flex,1,1334,5,5.26,2.33,0,1112
diss,flex,1,1334,6,3.18,0.49,0,1112
diss,flex,1,1334,7,3.65,0.72,0,1112
diss,flex,1,1334,8,3.54,0.86,0,1112
diss,flex,1,1334,9,3.71,0.79,0,1112
diss,flex,1,1334,10,3.72,0.79,0,1112
diss,flex,1,1334,11,3.23,0.81,0,1112
diss,flex,1,1334,12,3.43,0.84,0,1112
diss,flex,1,1334,13,7.84,4.99,1,1112
diss,flex,1,1334,14,8.19,4.93,1,1112
diss,flex,1,1334,15,8.17,4.98,1,1112
diss,flex,1,1334,16,3.95,0.79,0,1112
diss,flex,1,1334,17,3.62,0.72,0,1112
diss,flex,1,1334,18,3.69,0.74,0,1112
diss,flex,1,1334,19,3.59,0.79,0,1112
diss,flex,1,1778,0,3.89,0.87,0,1186
diss,flex,1,1778,1,10.08,7.06,0,1186
diss,flex,1,1778,2,3.51,0.87,0,1186
diss,flex,1,1778,3,3.71,0.73,0,1186
diss,flex,1,1778,4,3.96,0.93,0,1186
diss,flex,1,1778,5,3.98,0.88,0,1186
diss,flex,1,1778,6,4.17,0.96,0,1186
diss,flex,1,1778,7,8.18,4.76,1,1186
diss,flex,1,1778,8,3.90,0.90,0,1186
diss,flex,1,1778,9,3.95,0.91,0,1186
diss,flex,1,1778,10,7.87,4.94,1,1186
diss,flex,1,1778,11,3.14,0.59,0,1186
diss,flex,1,1778,12,4.36,1.26,0,1186
diss,flex,1,1778,13,6.92,4.10,1,1186
diss,flex,1,1778,14,3.61,0.98,0,1186
diss,flex,1,1778,15,7.62,4.76,1,1186
diss,flex,1,1778,16,3.71,1.04,0,1186
diss,flex,1,1778,17,4.11,1.04,0,1186
diss,flex,1,1778,18,3.05,0.53,0,1186
diss,flex,1,1778,19,3.47,0.96,0,1186
diss,flex,1,2371,0,3.35,0.84,0,1130
diss,flex,1,2371,1,3.57,1.20,0,1130
diss,flex,1,2371,2,3.06,0.68,0,1130
diss,flex,1,2371,3,3.13,0.93,0,1130
diss,flex,1,2371,4,2.91,0.66,0,1130
diss,flex,1,2371,5,9.73,7.27,0,1130
diss,flex,1,2371,6,13.69,10.42,0,1130
diss,flex,1,2371,7,9.58,7.33,0,1130
diss,flex,1,2371,8,6.37,4.37,0,1130
diss,flex,1,2371,9,4.02,1.06,0,1130
diss,flex,1,2371,10,4.17,1.06,0,1130
diss,flex,1,2371,11,3.67,1.04,0,1130
diss,flex,1,2371,12,4.37,1.31,0,1130
diss,flex,1,2371,13,4.22,1.10,0,1130
diss,flex,1,2371,14,10.07,6.82,1,1130
diss,flex,1,2371,15,3.68,0.70,0,1130
diss,flex,1,2371,16,3.96,1.07,0,1130
diss,flex,1,2371,17,4.11,1.09,0,1130
diss,flex,1,2371,18,4.03,1.07,0,1130
diss,flex,1,2371,19,4.23,1.16,0,1130
diss,flex,1,3162,0,9.98,7.53,1,1055
diss,flex,1,3162,1,2.65,0.56,0,1055
diss,flex,1,3162,2,11.04,8.40,1,1055
diss,flex,1,3162,3,10.41,7.50,1,1055
diss,flex,1,3162,4,8.39,5.88,0,1055
diss,flex,1,3162,5,2.49,0.30,0,1055
diss,flex,1,3162,6,2.72,0.31,0,1055
diss,flex,1,3162,7,9.33,6.90,1,1056
diss,flex,1,3162,8,10.21,7.13,1,1055
diss,flex,1,3162,9,14.34,11.40,1,1055
diss,flex,1,3162,10,3.27,0.51,0,1055
diss,flex,1,3162,11,2.47,0.32,0,1055
diss,flex,1,3162,12,10.49,7.90,1,1055
diss,flex,1,3162,13,2.71,0.29,0,1056
diss,flex,1,3162,14,3.16,0.65,0,1055
diss,flex,1,3162,15,7.05,3.64,1,1055
diss,flex,1,3162,16,2.98,0.31,0,1055
diss,flex,1,3162,17,6.37,3.32,1,1056
diss,flex,1,3162,18,3.32,0.52,0,1055
diss,flex,1,3162,19,2.75,0.39,0,1055
diss,flex,1,4217,0,3.74,0.66,0,1407
diss,flex,1,4217,1,3.69,0.61,0,1406
diss,flex,1,4217,2,3.11,0.56,0,1406
diss,flex,1,4217,3,3.05,0.37,0,1407
diss,flex,1,4217,4,3.14,0.64,0,1407
diss,flex,1,4217,5,2.99,0.38,0,1407
diss,flex,1,4217,6,2.88,0.67,0,1406
diss,flex,1,4217,7,3.07,0.38,0,1406
diss,flex,1,4217,8,5.46,3.03,1,1407
diss,flex,1,4217,9,2.97,0.64,0,1407
diss,flex,1,4217,10,2.74,0.36,0,1407
diss,flex,1,4217,11,3.08,0.62,0,1407
diss,flex,1,4217,12,3.03,0.77,0,1407
diss,flex,1,4217,13,3.31,0.67,0,1406
diss,flex,1,4217,14,3.60,0.59,0,1407
diss,flex,1,4217,15,3.17,0.67,0,1406
diss,flex,1,4217,16,2.63,0.35,0,1407
diss,flex,1,4217,17,3.32,0.60,0,1407
diss,flex,1,4217,18,3.20,0.62,0,1407
diss,flex,1,4217,19,8.44,3.74,0,1406
diss,flex,1,5623,0,15.47,11.85,1,1875
diss,flex,1,5623,1,10.12,7.35,0,1875
diss,flex,1,5623,2,6.98,4.16,0,1875
diss,flex,1,5623,3,3.52,0.46,0,1875
diss,flex,1,5623,4,3.70,0.48,0,1875
diss,flex,1,5623,5,4.21,0.74,0,1876
diss,flex,1,5623,6,7.33,3.68,1,1876
diss,flex,1,5623,7,4.21,0.76,0,1875
diss,flex,1,5623,8,9.05,5.43,0,1875
diss,flex,1,5623,9,3.81,0.50,0,1876
diss,flex,1,5623,10,3.80,0.84,0,1876
diss,flex,1,5623,11,4.29,0.85,0,1876
diss,flex,1,5623,12,4.32,0.76,0,1875
diss,flex,1,5623,13,4.07,0.75,0,1875
diss,flex,1,5623,14,5.12,1.81,0,1875
diss,flex,1,5623,15,4.62,0.76,0,1876
diss,flex,1,5623,16,3.88,0.46,0,1876
diss,flex,1,5623,17,8.21,1.90,0,1876
diss,flex,1,5623,18,4.44,0.78,0,1875
diss,flex,1,5623,19,3.71,0.46,0,1876
diss,flex,6,1,0,12.93,8.92,6,6000
diss,flex,6,1,1,11.50,8.61,5,6000
diss,flex,6,1,2,9.43,4.87,6,6000
diss,flex,6,1,3,13.90,10.52,6,6000
diss,flex,6,1,4,13.03,10.02,6,6000
diss,flex,6,1,5,12.08,9.89,6,6000
diss,flex,6,1,6,12.42,10.33,6,6000
diss,flex,6,1,7,17.93,15.04,6,6000
diss,flex,6,1,8,14.74,11.62,6,6000
diss,flex,6,1,9,11.70,9.69,6,6000
diss,flex,6,1,10,10.59,8.06,6,6000
diss,flex,6,1,11,17.13,13.85,6,6000
diss,flex,6,1,12,11.13,8.90,6,6000
diss,flex,6,1,13,11.27,8.25,6,6000
diss,flex,6,1,14,10.77,8.05,6,6000
diss,flex,6,1,15,10.99,8.13,6,6000
diss,flex,6,1,16,10.73,7.98,6,6000
diss,flex,6,1,17,11.03,7.65,6,6000
diss,flex,6,1,18,11.32,8.48,6,6000
diss,flex,6,1,19,11.77,9.23,6,6000
diss,flex,6,1.334,0,15.70,9.94,6,6000
diss,flex,6,1.334,1,12.81,8.49,7,6000
diss,flex,6,1.334,2,9.32,5.36,6,6000
diss,flex,6,1.334,3,8.66,5.40,6,6000
diss,flex,6,1.334,4,18.99,15.66,6,6000
diss,flex,6,1.334,5,21.41,17.98,6,6000
diss,flex,6,1.334,6,21.46,19.54,6,6000
diss,flex,6,1.334,7,16.29,13.51,6,6000
diss,flex,6,1.334,8,12.13,9.56,6,6000
diss,flex,6,1.334,9,12.82,9.70,6,6000
diss,flex,6,1.334,10,20.98,17.95,6,6000
diss,flex,6,1.334,11,11.81,8.29,6,6000
diss,flex,6,1.334,12,13.96,10.48,6,6000
diss,flex,6,1.334,13,13.14,9.08,6,6000
diss,flex,6,1.334,14,20.34,16.77,6,6000
diss,flex,6,1.334,15,13.01,8.77,6,6000
diss,flex,6,1.334,16,11.36,8.35,6,6000
diss,flex,6,1.334,17,13.22,10.48,6,6000
diss,flex,6,1.334,18,12.22,8.14,6,6000
diss,flex,6,1.334,19,11.89,8.61,6,6000
diss,flex,6,1.778,0,9.33,5.10,6,6000
diss,flex,6,1.778,1,13.58,10.09,6,6000
diss,flex,6,1.778,2,15.66,11.92,6,6000
diss,flex,6,1.778,3,11.71,8.44,6,6000
diss,flex,6,1.778,4,11.79,8.39,6,6000
diss,flex,6,1.778,5,8.71,5.05,6,6000
diss,flex,6,1.778,6,12.34,9.46,6,6000
diss,flex,6,1.778,7,12.62,9.77,6,6000
diss,flex,6,1.778,8,11.64,8.48,6,6000
diss,flex,6,1.778,9,9.19,5.07,6,6000
diss,flex,6,1.778,10,7.58,4.12,6,6000
diss,flex,6,1.778,11,13.05,9.12,6,6000
diss,flex,6,1.778,12,10.28,6.90,6,6000
diss,flex,6,1.778,13,13.21,9.57,6,6000
diss,flex,6,1.778,14,9.42,5.17,6,6000
diss,flex,6,1.778,15,12.85,10.25,6,6000
diss,flex,6,1.778,16,11.31,8.61,6,6000
diss,flex,6,1.778,17,9.43,4.68,6,6000
diss,flex,6,1.778,18,11.71,8.19,6,6000
diss,flex,6,1.778,19,11.42,9.17,6,6000
diss,flex,6,2.371,0,10.71,8.31,6,6000
diss,flex,6,2.371,1,8.71,5.52,6,6000
diss,flex,6,2.371,2,8.34,4.75,6,6000
diss,flex,6,2.371,3,8.88,5.61,6,6000
diss,flex,6,2.371,4,20.21,17.15,6,6000
diss,flex,6,2.371,5,22.03,19.03,6,6000
diss,flex,6,2.371,6,14.01,11.25,6,6000
diss,flex,6,2.371,7,10.97,8.03,6,6000
diss,flex,6,2.371,8,11.00,7.85,6,6000
diss,flex,6,2.371,9,10.31,7.20,6,6000
diss,flex,6,2.371,10,10.37,7.85,6,6000
diss,flex,6,2.371,11,8.33,5.22,0,6000
diss,flex,6,2.371,12,7.91,4.87,6,6000
diss,flex,6,2.371,13,11.11,8.32,6,6000
diss,flex,6,2.371,14,8.38,5.11,6,6000
diss,flex,6,2.371,15,9.55,5.36,6,6000
diss,flex,6,2.371,16,12.03,8.37,6,6000
diss,flex,6,2.371,17,12.85,8.71,6,6000
diss,flex,6,2.371,18,11.85,8.41,6,6000
diss,flex,6,2.371,19,9.87,5.73,6,6000
diss,flex,6,3.162,0,9.59,5.64,6,6000
diss,flex,6,3.162,1,9.13,5.24,6,6000
diss,flex,6,3.162,2,8.37,5.29,6,6000
diss,flex,6,3.162,3,10.13,7.72,6,6000
diss,flex,6,3.162,4,9.32,5.31,6,6000
diss,flex,6,3.162,5,11.08,8.15,6,6000
diss,flex,6,3.162,6,11.78,9.63,7,6000
diss,flex,6,3.162,7,12.03,8.55,6,6000
diss,flex,6,3.162,8,8.87,5.06,6,6000
diss,flex,6,3.162,9,8.61,5.11,6,6000
diss,flex,6,3.162,10,10.41,6.11,6,6000
diss,flex,6,3.162,11,10.45,7.55,6,6000
diss,flex,6,3.162,12,10.65,6.17,6,6000
diss,flex,6,3.162,13,9.53,5.87,6,6000
diss,flex,6,3.162,14,10.06,6.53,6,6000
diss,flex,6,3.162,15,9.62,5.58,6,6000
diss,flex,6,3.162,16,12.87,8.80,6,6000
diss,flex,6,3.162,17,10.65,5.70,6,6000
diss,flex,6,3.162,18,13.57,10.18,6,6000
diss,flex,6,3.162,19,14.94,9.16,6,6000
diss,flex,6,4.217,0,24.94,21.15,6,6000
diss,flex,6,4.217,1,12.17,9.09,6,6000
diss,flex,6,4.217,2,8.94,5.63,6,6000
diss,flex,6,4.217,3,11.86,9.00,6,6000
diss,flex,6,4.217,4,17.21,13.34,6,6000
diss,flex,6,4.217,5,20.44,16.07,6,6000
diss,flex,6,4.217,6,19.18,16.04,6,6000
diss,flex,6,4.217,7,16.09,12.54,6,6000
diss,flex,6,4.217,8,8.71,4.62,6,6000
diss,flex,6,4.217,9,9.58,5.94,6,6000
diss,flex,6,4.217,10,9.89,5.91,6,6000
diss,flex,6,4.217,11,14.03,11.11,6,6000
diss,flex,6,4.217,12,13.83,11.87,6,6000
diss,flex,6,4.217,13,9.85,7.18,6,6000
diss,flex,6,4.217,14,12.41,9.14,6,6000
diss,flex,6,4.217,15,11.05,5.60,6,6000
diss,flex,6,4.217,16,20.02,16.56,6,6000
diss,flex,6,4.217,17,8.96,5.53,6,6000
diss,flex,6,4.217,18,9.17,5.91,6,6000
diss,flex,6,4.217,19,13.56,11.03,6,6000
diss,flex,6,5.623,0,11.29,7.52,6,6000
diss,flex,6,5.623,1,11.46,5.97,6,6000
diss,flex,6,5.623,2,10.33,7.41,6,6000
diss,flex,6,5.623,3,15.65,11.84,6,6000
diss,flex,6,5.623,4,11.00,7.69,6,6000
diss,flex,6,5.623,5,9.22,5.66,6,6000
diss,flex,6,5.623,6,15.75,10.40,6,6000
diss,flex,6,5.623,7,10.88,8.73,6,6000
diss,flex,6,5.623,8,13.23,9.85,6,6000
diss,flex,6,5.623,9,12.45,9.45,6,6000
diss,flex,6,5.623,10,9.97,6.27,6,6000
diss,flex,6,5.623,11,9.49,4.92,6,6000
diss,flex,6,5.623,12,21.66,17.96,6,6000
diss,flex,6,5.623,13,11.06,8.71,6,6000
diss,flex,6,5.623,14,8.88,5.19,6,6000
diss,flex,6,5.623,15,8.64,5.49,6,6000
diss,flex,6,5.623,16,11.96,8.49,6,6000
diss,flex,6,5.623,17,8.93,6.06,6,6000
diss,flex,6,5.623,18,12.42,9.96,6,6000
diss,flex,6,5.623,19,4.70,1.07,0,6000
diss,flex,6,7.499,0,10.91,6.67,6,6000
diss,flex,6,7.499,1,16.26,11.24,6,6000
diss,flex,6,7.499,2,14.25,10.68,6,6000
diss,flex,6,7.499,3,10.94,7.10,6,6000
diss,flex,6,7.499,4,9.54,5.76,6,6000
diss,flex,6,7.499,5,17.85,15.34,6,6000
diss,flex,6,7.499,6,18.56,16.76,6,6000
diss,flex,6,7.499,7,22.45,19.53,6,6000
diss,flex,6,7.499,8,14.53,11.17,7,6000
diss,flex,6,7.499,9,8.77,5.70,6,6000
diss,flex,6,7.499,10,8.50,5.42,6,6000
diss,flex,6,7.499,11,9.19,6.02,6,6000
diss,flex,6,7.499,12,10.14,6.62,6,6000
diss,flex,6,7.499,13,12.67,9.01,6,6000
diss,flex,6,7.499,14,13.01,9.38,6,6000
diss,flex,6,7.499,15,12.47,9.52,6,6000
diss,flex,6,7.499,16,9.42,6.07,6,6000
diss,flex,6,7.499,17,15.08,11.78,7,6000
diss,flex,6,7.499,18,12.76,9.24,6,6000
diss,flex,6,7.499,19,9.79,5.87,6,6000
diss,flex,6,10,0,10.51,6.91,6,6000
diss,flex,6,10,1,10.16,6.88,6,6000
diss,flex,6,10,2,13.98,10.67,6,6000
diss,flex,6,10,3,12.44,9.43,6,6000
diss,flex,6,10,4,13.48,10.46,6,6000
diss,flex,6,10,5,11.32,7.13,6,6000
diss,flex,6,10,6,11.40,8.76,6,6000
diss,flex,6,10,7,15.81,12.69,6,6000
diss,flex,6,10,8,11.33,6.19,6,6000
diss,flex,6,10,9,14.16,11.49,6,6000
diss,flex,6,10,10,9.45,6.34,6,6000
diss,flex,6,10,11,11.09,7.30,6,6000
diss,flex,6,10,12,12.99,9.76,6,6000
diss,flex,6,10,13,17.90,15.74,6,6000
diss,flex,6,10,14,15.48,11.06,6,6000
diss,flex,6,10,15,11.86,6.60,6,6000
diss,flex,6,10,16,11.69,8.28,6,6000
diss,flex,6,10,17,10.64,6.99,6,6000
diss,flex,6,10,18,10.31,6.90,6,6000
diss,flex,6,10,19,9.97,8.09,6,6000
diss,flex,6,13.34,0,12.11,7.99,6,6000
diss,flex,6,13.34,1,17.95,13.71,6,6000
diss,flex,6,13.34,2,15.14,11.58,6,6000
diss,flex,6,13.34,3,15.02,12.16,6,6000
diss,flex,6,13.34,4,10.25,7.55,6,6000
diss,flex,6,13.34,5,10.40,6.95,7,6000
diss,flex,6,13.34,6,19.38,16.57,6,6000
diss,flex,6,13.34,7,13.62,10.93,7,6000
diss,flex,6,13.34,8,46.84,44.23,6,6000
diss,flex,6,13.34,9,11.56,7.16,6,6000
diss,flex,6,13.34,10,15.18,11.99,6,6000
diss,flex,6,13.34,11,13.80,10.40,6,6000
diss,flex,6,13.34,12,10.19,7.26,6,6000
diss,flex,6,13.34,13,10.74,8.63,6,6000
diss,flex,6,13.34,14,10.56,6.78,6,6000
diss,flex,6,13.34,15,16.22,10.53,6,6000
diss,flex,6,13.34,16,10.48,7.19,6,6000
diss,flex,6,13.34,17,40.30,37.33,6,6000
diss,flex,6,13.34,18,13.18,8.36,6,6000
diss,flex,6,13.34,19,13.50,10.36,6,6000
diss,flex,6,17.78,0,12.01,8.29,6,6000
diss,flex,6,17.78,1,11.14,7.65,6,6000
diss,flex,6,17.78,2,12.04,9.06,6,6000
diss,flex,6,17.78,3,12.73,10.07,6,6000
diss,flex,6,17.78,4,15.17,12.46,6,6000
diss,flex,6,17.78,5,13.95,12.14,6,6000
diss,flex,6,17.78,6,14.06,11.66,6,6000
diss,flex,6,17.78,7,22.45,19.75,6,6000
diss,flex,6,17.78,8,11.56,8.93,6,6000
diss,flex,6,17.78,9,12.58,9.15,6,6000
diss,flex,6,17.78,10,11.66,8.23,6,6000
diss,flex,6,17.78,11,11.38,8.33,6,6000
diss,flex,6,17.78,12,11.78,7.85,7,6000
diss,flex,6,17.78,13,11.59,9.16,6,6000
diss,flex,6,17.78,14,12.34,9.79,7,6000
diss,flex,6,17.78,15,18.03,15.07,7,6000
diss,flex,6,17.78,16,11.96,8.17,6,6000
diss,flex,6,17.78,17,14.57,11.08,6,6000
diss,flex,6,17.78,18,20.98,13.63,6,6000
diss,flex,6,17.78,19,17.29,11.57,6,6000
diss,flex,6,23.71,0,18.68,15.95,6,6000
diss,flex,6,23.71,1,12.80,10.26,6,6000
diss,flex,6,23.71,2,11.94,8.16,6,6000
diss,flex,6,23.71,3,13.16,9.54,6,6000
diss,flex,6,23.71,4,23.78,20.71,6,6000
diss,flex,6,23.71,5,22.00,18.85,6,6000
diss,flex,6,23.71,6,15.58,13.23,7,6000
diss,flex,6,23.71,7,16.99,14.13,6,6000
diss,flex,6,23.71,8,13.13,9.67,6,6000
diss,flex,6,23.71,9,14.27,10.93,6,6000
diss,flex,6,23.71,10,15.45,11.62,6,6000
diss,flex,6,23.71,11,12.26,9.13,6,6000
diss,flex,6,23.71,12,11.84,8.14,6,6000
diss,flex,6,23.71,13,14.79,9.44,6,6000
diss,flex,6,23.71,14,20.43,16.56,6,6000
diss,flex,6,23.71,15,11.29,8.96,6,6000
diss,flex,6,23.71,16,17.63,13.92,6,6000
diss,flex,6,23.71,17,14.15,10.95,6,6000
diss,flex,6,23.71,18,19.69,15.83,6,6000
diss,flex,6,23.71,19,12.73,8.96,6,6000
diss,flex,6,31.62,0,12.33,9.02,6,6336
diss,flex,6,31.62,1,9.29,5.54,6,6330
diss,flex,6,31.62,2,15.42,11.65,6,6330
diss,flex,6,31.62,3,8.72,5.54,6,6330
diss,flex,6,31.62,4,9.91,5.09,6,6330
diss,flex,6,31.62,5,8.54,5.35,6,6330
diss,flex,6,31.62,6,8.12,5.45,6,6336
diss,flex,6,31.62,7,21.17,14.36,6,6330
diss,flex,6,31.62,8,10.35,6.58,6,6330
diss,flex,6,31.62,9,8.38,6.00,6,6330
diss,flex,6,31.62,10,9.35,5.82,6,6330
diss,flex,6,31.62,11,8.47,5.61,6,6330
diss,flex,6,31.62,12,11.28,8.08,6,6330
diss,flex,6,31.62,13,8.68,5.91,6,6330
diss,flex,6,31.62,14,9.06,6.95,6,6336
diss,flex,6,31.62,15,9.54,6.53,6,6330
diss,flex,6,31.62,16,12.23,7.17,6,6330
diss,flex,6,31.62,17,4.55,0.79,0,6330
diss,flex,6,31.62,18,9.98,5.97,6,6330
diss,flex,6,31.62,19,4.48,0.98,0,6330
diss,flex,6,42.17,0,10.80,5.67,6,8442
diss,flex,6,42.17,1,19.37,15.41,6,8442
diss,flex,6,42.17,2,9.83,5.87,6,8442
diss,flex,6,42.17,3,5.47,0.88,0,8436
diss,flex,6,42.17,4,9.90,5.90,6,8442
diss,flex,6,42.17,5,11.41,6.61,6,8442
diss,flex,6,42.17,6,21.04,15.60,6,8442
diss,flex,6,42.17,7,22.58,19.21,6,8442
diss,flex,6,42.17,8,12.24,7.33,0,8436
diss,flex,6,42.17,9,12.50,8.19,6,8436
diss,flex,6,42.17,10,8.83,5.13,6,8436
diss,flex,6,42.17,11,9.75,5.40,6,8442
diss,flex,6,42.17,12,9.91,6.52,6,8442
diss,flex,6,42.17,13,15.60,12.50,6,8442
diss,flex,6,42.17,14,11.89,6.41,6,8436
diss,flex,6,42.17,15,10.79,5.78,6,8442
diss,flex,6,42.17,16,11.94,6.70,6,8442
diss,flex,6,42.17,17,17.27,11.53,6,8442
diss,flex,6,42.17,18,11.33,6.03,6,8442
diss,flex,6,42.17,19,10.61,6.04,6,8442
diss,flex,6,56.23,0,11.41,6.82,6,11250
diss,flex,6,56.23,1,6.03,0.99,0,11256
diss,flex,6,56.23,2,11.20,6.27,6,11250
diss,flex,6,56.23,3,10.73,6.20,6,11256
diss,flex,6,56.23,4,11.06,7.34,6,11256
diss,flex,6,56.23,5,13.33,7.35,6,11256
diss,flex,6,56.23,6,12.41,7.69,6,11250
diss,flex,6,56.23,7,12.29,7.37,6,11250
diss,flex,6,56.23,8,7.13,2.48,0,11250
diss,flex,6,56.23,9,14.38,6.94,6,11250
diss,flex,6,56.23,10,14.57,9.88,6,11256
diss,flex,6,56.23,11,10.59,6.05,6,11250
diss,flex,6,56.23,12,7.06,1.40,0,11256
diss,flex,6,56.23,13,10.76,7.18,6,11256
diss,flex,6,56.23,14,9.48,6.13,6,11256
diss,flex,6,56.23,15,9.85,5.00,6,11250
diss,flex,6,56.23,16,12.10,6.16,6,11256
diss,flex,6,56.23,17,12.70,6.68,6,11256
diss,flex,6,56.23,18,12.28,6.29,6,11250
diss,flex,6,56.23,19,11.83,6.94,6,11250
diss,flex,6,74.99,0,11.56,7.51,6,7506
diss,flex,6,74.99,1,12.30,6.68,6,7506
diss,flex,6,74.99,2,12.12,7.41,6,7506
diss,flex,6,74.99,3,11.65,7.23,6,7500
diss,flex,6,74.99,4,9.74,5.59,6,7500
diss,flex,6,74.99,5,6.04,1.22,0,7506
diss,flex,6,74.99,6,17.47,13.19,0,7506
diss,flex,6,74.99,7,12.51,8.48,6,7506
diss,flex,6,74.99,8,14.06,9.15,6,7506
diss,flex,6,74.99,9,10.53,7.07,6,7500
diss,flex,6,74.99,10,10.06,6.70,7,7500
diss,flex,6,74.99,11,5.61,1.00,0,7506
diss,flex,6,74.99,12,9.76,6.02,6,7506
diss,flex,6,74.99,13,9.75,5.38,6,7500
diss,flex,6,74.99,14,9.72,7.14,6,7500
diss,flex,6,74.99,15,5.24,0.75,0,7500
diss,flex,6,74.99,16,5.43,1.08,0,7506
diss,flex,6,74.99,17,5.84,1.20,0,7506
diss,flex,6,74.99,18,9.93,6.05,7,7506
diss,flex,6,74.99,19,15.60,11.56,6,7506
diss,flex,6,100,0,5.44,1.10,0,6672
diss,flex,6,100,1,10.65,5.92,6,6672
diss,flex,6,100,2,5.50,0.91,0,6672
diss,flex,6,100,3,7.40,1.97,0,6672
diss,flex,6,100,4,13.92,6.62,6,6672
diss,flex,6,100,5,5.94,1.25,0,6672
diss,flex,6,100,6,6.66,0.98,0,6672
diss,flex,6,100,7,6.09,0.84,0,6672
diss,flex,6,100,8,11.55,6.45,6,6672
diss,flex,6,100,9,11.20,7.29,7,6672
diss,flex,6,100,10,11.78,5.93,6,6672
diss,flex,6,100,11,5.97,1.06,0,6672
diss,flex,6,100,12,6.10,0.99,0,6672
diss,flex,6,100,13,11.31,6.39,6,6672
diss,flex,6,100,14,9.61,5.51,6,6672
diss,flex,6,100,15,10.46,5.79,6,6672
diss,flex,6,100,16,18.24,13.54,6,6672
diss,flex,6,100,17,11.75,7.42,6,6672
diss,flex,6,100,18,10.69,5.80,7,6672
diss,flex,6,100,19,12.02,6.68,6,6672
diss,flex,6,133.4,0,12.41,8.23,6,6672
diss,flex,6,133.4,1,11.56,6.97,6,6672
diss,flex,6,133.4,2,11.20,7.43,6,6672
diss,flex,6,133.4,3,5.52,1.46,0,6672
diss,flex,6,133.4,4,16.84,12.98,6,6672
diss,flex,6,133.4,5,10.52,6.98,6,6672
diss,flex,6,133.4,6,6.23,1.44,0,6672
diss,flex,6,133.4,7,11.26,8.01,6,6672
diss,flex,6,133.4,8,5.96,1.28,0,6672
diss,flex,6,133.4,9,11.51,7.60,6,6672
diss,flex,6,133.4,10,21.81,18.10,6,6672
diss,flex,6,133.4,11,18.31,14.51,6,6672
diss,flex,6,133.4,12,3.96,0.79,0,6672
diss,flex,6,133.4,13,9.68,7.28,6,6672
diss,flex,6,133.4,14,12.42,7.89,6,6672
diss,flex,6,133.4,15,4.57,1.42,0,6672
diss,flex,6,133.4,16,8.99,5.46,6,6672
diss,flex,6,133.4,17,11.42,8.27,0,6672
diss,flex,6,133.4,18,6.55,1.85,0,6672
diss,flex,6,133.4,19,10.58,6.11,6,6672
diss,flex,6,177.8,0,5.24,1.44,0,7116
diss,flex,6,177.8,1,6.24,1.16,0,7116
diss,flex,6,177.8,2,10.80,7.20,6,7116
diss,flex,6,177.8,3,13.55,10.30,6,7116
diss,flex,6,177.8,4,5.97,0.94,0,7116
diss,flex,6,177.8,5,5.00,1.64,0,7116
diss,flex,6,177.8,6,6.02,1.20,0,7116
diss,flex,6,177.8,7,5.82,1.42,0,7116
diss,flex,6,177.8,8,13.43,9.87,6,7116
diss,flex,6,177.8,9,9.73,5.89,6,7116
diss,flex,6,177.8,10,12.11,7.55,6,7116
diss,flex,6,177.8,11,9.79,6.35,6,7116
diss,flex,6,177.8,12,12.53,8.61,6,7116
diss,flex,6,177.8,13,13.32,8.40,6,7116
diss,flex,6,177.8,14,5.96,0.90,0,7116
diss,flex,6,177.8,15,5.04,1.08,0,7116
diss,flex,6,177.8,16,5.98,1.28,0,7116
diss,flex,6,177.8,17,5.46,1.03,0,7116
diss,flex,6,177.8,18,5.09,1.34,0,7116
diss,flex,6,177.8,19,4.80,1.25,0,7116
diss,flex,6,237.1,0,8.24,4.92,1,6780
diss,flex,6,237.1,1,5.61,1.83,0,6780
diss,flex,6,237.1,2,9.55,6.33,6,6780
diss,flex,6,237.1,3,10.71,7.94,6,6780
diss,flex,6,237.1,4,10.50,7.62,0,6780
diss,flex,6,237.1,5,4.71,1.93,0,6780
diss,flex,6,237.1,6,4.93,1.67,0,6780
diss,flex,6,237.1,7,10.58,2.94,0,6780
diss,flex,6,237.1,8,4.10,1.36,0,6780
diss,flex,6,237.1,9,8.85,5.15,6,6780
diss,flex,6,237.1,10,15.49,12.83,6,6780
diss,flex,6,237.1,11,5.51,1.03,0,6780
diss,flex,6,237.1,12,5.37,1.66,0,6780
diss,flex,6,237.1,13,4.73,1.27,0,6780
diss,flex,6,237.1,14,8.85,5.94,6,6780
diss,flex,6,237.1,15,5.28,1.85,0,6780
diss,flex,6,237.1,16,9.48,6.17,6,6780
diss,flex,6,237.1,17,5.39,2.22,0,6780
diss,flex,6,237.1,18,4.84,1.50,0,6780
diss,flex,6,237.1,19,9.91,5.82,6,6780
diss,flex,6,316.2,0,8.69,5.07,6,6330
diss,flex,6,316.2,1,9.34,5.24,6,6330
diss,flex,6,316.2,2,18.52,14.95,6,6330
diss,flex,6,316.2,3,23.75,20.40,6,6330
diss,flex,6,316.2,4,13.42,10.51,6,6330
diss,flex,6,316.2,5,8.68,5.18,6,6330
diss,flex,6,316.2,6,9.36,5.27,6,6330
diss,flex,6,316.2,7,5.33,0.77,0,6330
diss,flex,6,316.2,8,8.46,5.31,6,6330
diss,flex,6,316.2,9,14.15,10.56,6,6330
diss,flex,6,316.2,10,8.48,5.50,6,6330
diss,flex,6,316.2,11,4.91,0.79,0,6330
diss,flex,6,316.2,12,4.23,0.59,0,6330
diss,flex,6,316.2,13,4.94,0.66,0,6330
diss,flex,6,316.2,14,4.51,0.62,0,6330
diss,flex,6,316.2,15,3.88,0.68,0,6330
diss,flex,6,316.2,16,4.34,0.60,0,6330
diss,flex,6,316.2,17,7.68,5.23,6,6330
diss,flex,6,316.2,18,5.08,0.56,0,6330
diss,flex,6,316.2,19,8.48,5.01,6,6330
diss,flex,6,421.7,0,12.05,7.62,0,8436
diss,flex,6,421.7,1,5.35,0.91,0,8442
diss,flex,6,421.7,2,6.32,0.87,0,8436
diss,flex,6,421.7,3,5.31,0.74,0,8442
diss,flex,6,421.7,4,6.61,0.90,0,8442
diss,flex,6,421.7,5,11.28,5.51,0,8442
diss,flex,6,421.7,6,12.29,6.56,6,8436
diss,flex,6,421.7,7,7.04,1.69,0,8442
diss,flex,6,421.7,8,9.81,0.73,0,8436
diss,flex,6,421.7,9,5.79,1.24,0,8442
diss,flex,6,421.7,10,5.14,1.75,0,8436
diss,flex,6,421.7,11,10.08,2.89,0,8442
diss,flex,6,421.7,12,5.49,0.93,0,8436
diss,flex,6,421.7,13,5.13,0.84,0,8436
diss,flex,6,421.7,14,4.62,0.93,0,8442
diss,flex,6,421.7,15,13.44,8.44,0,8436
diss,flex,6,421.7,16,5.44,0.89,0,8442
diss,flex,6,421.7,17,5.77,0.99,0,8436
diss,flex,6,421.7,18,4.54,0.86,0,8442
diss,flex,6,421.7,19,5.38,1.01,0,8436
diss,flex,6,562.3,0,5.81,1.32,0,11256
diss,flex,6,562.3,1,6.01,0.95,0,11250
diss,flex,6,562.3,2,5.87,1.00,0,11250
diss,flex,6,562.3,3,5.65,1.08,0,11256
diss,flex,6,562.3,4,5.95,1.11,0,11250
diss,flex,6,562.3,5,5.35,1.10,0,11250
diss,flex,6,562.3,6,14.78,8.68,0,11250
diss,flex,6,562.3,7,6.00,1.02,0,11256
diss,flex,6,562.3,8,7.90,1.41,0,11256
diss,flex,6,562.3,9,6.91,0.94,0,11256
diss,flex,6,562.3,10,7.33,1.45,0,11256
diss,flex,6,562.3,11,7.88,1.00,0,11256
diss,flex,6,562.3,12,19.54,14.21,0,11250
diss,flex,6,562.3,13,11.09,8.16,0,11250
diss,flex,6,562.3,14,14.71,8.68,6,11250
diss,flex,6,562.3,15,5.34,0.80,0,11256
diss,flex,6,562.3,16,5.29,0.81,0,11256
diss,flex,6,562.3,17,4.92,0.92,0,11256
diss,flex,6,562.3,18,5.11,0.99,0,11250
diss,flex,6,562.3,19,4.77,0.85,0,11250
diss,flex,6,749.9,0,3.91,0.75,0,7506
diss,flex,6,749.9,1,3.94,0.59,0,7506
diss,flex,6,749.9,2,7.85,4.74,6,7506
diss,flex,6,749.9,3,4.07,0.74,0,7500
diss,flex,6,749.9,4,4.23,0.81,0,7506
diss,flex,6,749.9,5,4.84,0.79,0,7506
diss,flex,6,749.9,6,5.30,1.06,0,7500
diss,flex,6,749.9,7,11.97,6.59,0,7500
diss,flex,6,749.9,8,6.63,0.82,0,7500
diss,flex,6,749.9,9,6.41,0.92,0,7500
diss,flex,6,749.9,10,5.71,0.85,0,7506
diss,flex,6,749.9,11,6.08,1.00,0,7506
diss,flex,6,749.9,12,5.61,2.09,0,7500
diss,flex,6,749.9,13,5.01,0.72,0,7500
diss,flex,6,749.9,14,4.17,1.04,0,7506
diss,flex,6,749.9,15,5.79,1.00,0,7500
diss,flex,6,749.9,16,5.70,0.79,0,7506
diss,flex,6,749.9,17,5.92,1.10,0,7500
diss,flex,6,749.9,18,5.82,1.54,0,7500
diss,flex,6,749.9,19,4.55,0.82,0,7506
diss,flex,6,1000,0,6.66,1.87,0,6672
diss,flex,6,1000,1,4.61,0.77,0,6672
diss,flex,6,1000,2,4.26,0.76,0,6672
diss,flex,6,1000,3,10.59,2.80,0,6672
diss,flex,6,1000,4,5.15,0.69,0,6672
diss,flex,6,1000,5,4.43,0.83,0,6672
diss,flex,6,1000,6,4.40,1.01,0,6672
diss,flex,6,1000,7,4.50,0.76,0,6672
diss,flex,6,1000,8,4.93,0.74,0,6672
diss,flex,6,1000,9,4.16,0.99,0,6672
diss,flex,6,1000,10,3.85,0.77,0,6672
diss,flex,6,1000,11,4.77,1.66,0,6672
diss,flex,6,1000,12,4.39,0.87,0,6672
diss,flex,6,1000,13,3.98,0.82,0,6672
diss,flex,6,1000,14,4.39,0.96,0,6672
diss,flex,6,1000,15,5.08,0.82,0,6672
diss,flex,6,1000,16,4.00,0.93,0,6672
diss,flex,6,1000,17,5.35,0.77,0,6672
diss,flex,6,1000,18,4.75,0.73,0,6672
diss,flex,6,1000,19,5.07,0.64,0,6672
diss,flex,6,1334,0,4.64,1.22,0,6672
diss,flex,6,1334,1,5.90,1.17,0,6672
diss,flex,6,1334,2,4.20,0.77,0,6672
diss,flex,6,1334,3,4.97,0.77,0,6672
diss,flex,6,1334,4,4.32,0.98,0,6672
diss,flex,6,1334,5,4.38,0.96,0,6672
diss,flex,6,1334,6,4.29,0.82,0,6672
diss,flex,6,1334,7,3.92,1.10,0,6672
diss,flex,6,1334,8,4.57,0.94,0,6672
diss,flex,6,1334,9,4.25,0.93,0,6672
diss,flex,6,1334,10,4.44,0.88,0,6672
diss,flex,6,1334,11,7.14,0.70,0,6672
diss,flex,6,1334,12,4.19,0.83,0,6672
diss,flex,6,1334,13,5.26,1.34,0,6672
diss,flex,6,1334,14,15.43,12.16,0,6672
diss,flex,6,1334,15,13.01,10.63,0,6672
diss,flex,6,1334,16,8.62,5.41,0,6672
diss,flex,6,1334,17,6.54,3.14,0,6672
diss,flex,6,1334,18,4.57,1.07,0,6672
diss,flex,6,1334,19,4.59,0.83,0,6672
diss,flex,6,1778,0,4.56,1.24,0,7116
diss,flex,6,1778,1,4.27,1.10,0,7116
diss,flex,6,1778,2,4.47,1.27,0,7116
diss,flex,6,1778,3,4.80,0.85,0,7116
diss,flex,6,1778,4,5.31,1.33,0,7116
diss,flex,6,1778,5,4.19,1.22,0,7116
diss,flex,6,1778,6,5.29,0.77,0,7116
diss,flex,6,1778,7,4.94,1.15,0,7116
diss,flex,6,1778,8,4.52,0.92,0,7116
diss,flex,6,1778,9,4.29,1.09,0,7116
diss,flex,6,1778,10,16.77,13.81,0,7116
diss,flex,6,1778,11,4.04,1.04,0,7116
diss,flex,6,1778,12,4.67,0.82,0,7116
diss,flex,6,1778,13,4.45,1.40,0,7116
diss,flex,6,1778,14,4.63,0.82,0,7116
diss,flex,6,1778,15,4.87,0.93,0,7116
diss,flex,6,1778,16,4.11,1.07,0,7116
diss,flex,6,1778,17,5.35,2.20,0,7116
diss,flex,6,1778,18,4.96,1.04,0,7116
diss,flex,6,1778,19,4.57,1.19,0,7116
diss,flex,6,2371,0,4.61,1.56,0,6780
diss,flex,6,2371,1,5.23,1.25,0,6780
diss,flex,6,2371,2,4.65,1.16,0,6780
diss,flex,6,2371,3,4.74,1.50,0,6780
diss,flex,6,2371,4,5.02,1.83,0,6780
diss,flex,6,2371,5,5.41,1.51,0,6780
diss,flex,6,2371,6,5.88,1.46,0,6780
diss,flex,6,2371,7,5.07,1.43,0,6780
diss,flex,6,2371,8,4.21,1.27,0,6780
diss,flex,6,2371,9,4.74,2.41,0,6780
diss,flex,6,2371,10,5.09,1.34,0,6780
diss,flex,6,2371,11,6.16,3.34,0,6780
diss,flex,6,2371,12,5.86,1.24,0,6780
diss,flex,6,2371,13,6.12,1.74,0,6780
diss,flex,6,2371,14,5.56,1.49,0,6780
diss,flex,6,2371,15,5.04,1.51,0,6780
diss,flex,6,2371,16,5.86,1.73,0,6780
diss,flex,6,2371,17,7.01,1.91,0,6780
diss,flex,6,2371,18,4.99,2.18,0,6780
diss,flex,6,2371,19,5.54,2.35,0,6780
diss,flex,6,3162,0,8.65,5.34,6,6330
diss,flex,6,3162,1,9.17,5.89,6,6336
diss,flex,6,3162,2,10.10,6.59,0,6336
diss,flex,6,3162,3,3.79,0.69,0,6330
diss,flex,6,3162,4,3.70,0.68,0,6330
diss,flex,6,3162,5,5.38,0.57,0,6330
diss,flex,6,3162,6,5.63,0.68,0,6330
diss,flex,6,3162,7,5.57,0.71,0,6330
diss,flex,6,3162,8,9.39,5.80,0,6330
diss,flex,6,3162,9,4.26,0.37,0,6330
diss,flex,6,3162,10,4.67,1.25,0,6330
diss,flex,6,3162,11,5.40,0.64,0,6330
diss,flex,6,3162,12,5.25,0.86,0,6330
diss,flex,6,3162,13,3.78,0.67,0,6330
diss,flex,6,3162,14,6.32,2.00,0,6330
diss,flex,6,3162,15,4.25,0.58,0,6330
diss,flex,6,3162,16,18.20,13.46,0,6330
diss,flex,6,3162,17,11.06,8.71,0,6330
diss,flex,6,3162,18,8.96,5.64,0,6330
diss,flex,6,3162,19,9.83,6.58,0,6330
diss,flex,6,4217,0,4.56,0.52,0,8436
diss,flex,6,4217,1,3.61,0.63,0,8442
diss,flex,6,4217,2,4.43,0.70,0,8442
diss,flex,6,4217,3,4.18,0.87,0,8442
diss,flex,6,4217,4,4.17,1.07,0,8436
diss,flex,6,4217,5,4.26,0.59,0,8436
diss,flex,6,4217,6,4.57,0.53,0,8436
diss,flex,6,4217,7,11.91,7.97,0,8442
diss,flex,6,4217,8,5.31,0.67,0,8436
diss,flex,6,4217,9,5.31,0.77,0,8436
diss,flex,6,4217,10,4.81,0.64,0,8442
diss,flex,6,4217,11,4.36,0.75,0,8436
diss,flex,6,4217,12,4.45,0.68,0,8442
diss,flex,6,4217,13,5.05,0.73,0,8442
diss,flex,6,4217,14,7.49,3.64,0,8442
diss,flex,6,4217,15,4.22,0.80,0,8436
diss,flex,6,4217,16,4.34,0.76,0,8442
diss,flex,6,4217,17,3.61,0.56,0,8442
diss,flex,6,4217,18,5.30,0.87,0,8442
diss,flex,6,4217,19,4.16,0.61,0,8442
diss,flex,6,5623,0,5.59,0.68,0,11250
diss,flex,6,5623,1,5.70,0.94,0,11250
diss,flex,6,5623,2,6.04,1.16,0,11250
diss,flex,6,5623,3,6.25,0.79,0,11256
diss,flex,6,5623,4,5.90,1.02,0,11256
diss,flex,6,5623,5,4.93,1.30,0,11250
diss,flex,6,5623,6,9.78,4.86,0,11256
diss,flex,6,5623,7,4.50,1.00,0,11250
diss,flex,6,5623,8,5.94,1.19,0,11256
diss,flex,6,5623,9,5.66,1.12,0,11250
diss,flex,6,5623,10,4.76,0.72,0,11256
diss,flex,6,5623,11,6.22,1.12,0,11250
diss,flex,6,5623,12,5.32,0.89,0,11250
diss,flex,6,5623,13,5.32,0.89,0,11256
diss,flex,6,5623,14,5.17,1.86,0,11256
diss,flex,6,5623,15,6.63,1.03,0,11256
diss,flex,6,5623,16,4.51,0.93,0,11256
diss,flex,6,5623,17,5.22,0.56,0,11256
diss,flex,6,5623,18,5.43,0.89,0,11256
diss,flex,6,5623,19,6.09,0.97,0,11250
